heuristic,workload,configuration,metsla,sla,predict
CC,100,1_m3_medium,false,10000,false
CC,100,1_c3_large,true,10000,false
CC,100,1_m3_large,true,10000,false
CC,100,2_m3_medium,true,10000,false
CC,100,2_c3_large,true,10000,true
CC,100,1_c3_xlarge,true,10000,true
CC,100,3_m3_medium,true,10000,true
CC,100,2_m3_large,true,10000,true
CC,100,1_m3_xlarge,true,10000,true
CC,100,4_m3_medium,true,10000,true
CC,100,3_c3_large,true,10000,true
CC,100,2_c3_xlarge,true,10000,true
CC,100,3_m3_large,true,10000,true
CC,100,1_c3_2xlarge,true,10000,true
CC,100,4_c3_large,true,10000,true
CC,100,4_m3_large,true,10000,true
CC,100,2_m3_xlarge,true,10000,true
CC,100,1_m3_2xlarge,true,10000,true
CC,100,3_c3_xlarge,true,10000,true
CC,100,4_c3_xlarge,true,10000,true
CC,100,2_c3_2xlarge,true,10000,true
CC,100,3_m3_xlarge,true,10000,true
CC,100,2_m3_2xlarge,true,10000,true
CC,100,4_m3_xlarge,true,10000,true
CC,100,3_c3_2xlarge,true,10000,true
CC,100,4_c3_2xlarge,true,10000,true
CC,100,3_m3_2xlarge,true,10000,true
CC,100,4_m3_2xlarge,true,10000,true
CC,200,1_m3_medium,false,10000,true
CC,200,1_c3_large,false,10000,false
CC,200,1_m3_large,false,10000,true
CC,200,2_m3_medium,false,10000,true
CC,200,2_c3_large,true,10000,true
CC,200,1_c3_xlarge,true,10000,false
CC,200,3_m3_medium,false,10000,false
CC,200,2_m3_large,true,10000,true
CC,200,1_m3_xlarge,true,10000,false
CC,200,4_m3_medium,true,10000,false
CC,200,3_c3_large,true,10000,true
CC,200,2_c3_xlarge,true,10000,true
CC,200,3_m3_large,true,10000,true
CC,200,1_c3_2xlarge,true,10000,true
CC,200,4_c3_large,true,10000,true
CC,200,4_m3_large,true,10000,true
CC,200,2_m3_xlarge,true,10000,true
CC,200,1_m3_2xlarge,true,10000,true
CC,200,3_c3_xlarge,true,10000,true
CC,200,4_c3_xlarge,true,10000,true
CC,200,2_c3_2xlarge,true,10000,true
CC,200,3_m3_xlarge,true,10000,true
CC,200,2_m3_2xlarge,true,10000,true
CC,200,4_m3_xlarge,true,10000,true
CC,200,3_c3_2xlarge,true,10000,true
CC,200,4_c3_2xlarge,true,10000,true
CC,200,3_m3_2xlarge,true,10000,true
CC,200,4_m3_2xlarge,true,10000,true
CC,300,1_m3_medium,false,10000,true
CC,300,1_c3_large,false,10000,true
CC,300,1_m3_large,false,10000,true
CC,300,2_m3_medium,false,10000,true
CC,300,2_c3_large,true,10000,false
CC,300,1_c3_xlarge,false,10000,false
CC,300,3_m3_medium,false,10000,false
CC,300,2_m3_large,true,10000,false
CC,300,1_m3_xlarge,false,10000,false
CC,300,4_m3_medium,false,10000,false
CC,300,3_c3_large,true,10000,false
CC,300,2_c3_xlarge,true,10000,true
CC,300,3_m3_large,true,10000,false
CC,300,1_c3_2xlarge,true,10000,true
CC,300,4_c3_large,true,10000,true
CC,300,4_m3_large,true,10000,true
CC,300,2_m3_xlarge,true,10000,true
CC,300,1_m3_2xlarge,true,10000,true
CC,300,3_c3_xlarge,true,10000,false
CC,300,4_c3_xlarge,true,10000,true
CC,300,2_c3_2xlarge,true,10000,true
CC,300,3_m3_xlarge,true,10000,true
CC,300,2_m3_2xlarge,true,10000,true
CC,300,4_m3_xlarge,true,10000,true
CC,300,3_c3_2xlarge,true,10000,true
CC,300,4_c3_2xlarge,true,10000,true
CC,300,3_m3_2xlarge,true,10000,true
CC,300,4_m3_2xlarge,true,10000,false
CC,400,1_m3_medium,false,10000,true
CC,400,1_c3_large,false,10000,true
CC,400,1_m3_large,false,10000,true
CC,400,2_m3_medium,false,10000,true
CC,400,2_c3_large,false,10000,false
CC,400,1_c3_xlarge,false,10000,true
CC,400,3_m3_medium,false,10000,true
CC,400,2_m3_large,false,10000,false
CC,400,1_m3_xlarge,false,10000,true
CC,400,4_m3_medium,false,10000,true
CC,400,3_c3_large,true,10000,false
CC,400,2_c3_xlarge,true,10000,true
CC,400,3_m3_large,true,10000,false
CC,400,1_c3_2xlarge,true,10000,true
CC,400,4_c3_large,true,10000,true
CC,400,4_m3_large,true,10000,true
CC,400,2_m3_xlarge,true,10000,true
CC,400,1_m3_2xlarge,true,10000,true
CC,400,3_c3_xlarge,true,10000,false
CC,400,4_c3_xlarge,true,10000,true
CC,400,2_c3_2xlarge,true,10000,true
CC,400,3_m3_xlarge,true,10000,false
CC,400,2_m3_2xlarge,true,10000,true
CC,400,4_m3_xlarge,true,10000,true
CC,400,3_c3_2xlarge,true,10000,true
CC,400,4_c3_2xlarge,true,10000,true
CC,400,3_m3_2xlarge,true,10000,true
CC,400,4_m3_2xlarge,true,10000,true
CC,500,1_m3_medium,false,10000,true
CC,500,1_c3_large,false,10000,true
CC,500,1_m3_large,false,10000,true
CC,500,2_m3_medium,false,10000,true
CC,500,2_c3_large,false,10000,true
CC,500,1_c3_xlarge,false,10000,true
CC,500,3_m3_medium,false,10000,true
CC,500,2_m3_large,false,10000,true
CC,500,1_m3_xlarge,false,10000,true
CC,500,4_m3_medium,false,10000,true
CC,500,3_c3_large,false,10000,true
CC,500,2_c3_xlarge,false,10000,true
CC,500,3_m3_large,false,10000,true
CC,500,1_c3_2xlarge,false,10000,true
CC,500,4_c3_large,false,10000,true
CC,500,4_m3_large,false,10000,true
CC,500,2_m3_xlarge,false,10000,true
CC,500,1_m3_2xlarge,false,10000,true
CC,500,3_c3_xlarge,false,10000,true
CC,500,4_c3_xlarge,false,10000,false
CC,500,2_c3_2xlarge,false,10000,false
CC,500,3_m3_xlarge,false,10000,true
CC,500,2_m3_2xlarge,false,10000,false
CC,500,4_m3_xlarge,false,10000,false
CC,500,3_c3_2xlarge,false,10000,false
CC,500,4_c3_2xlarge,true,10000,false
CC,500,3_m3_2xlarge,false,10000,true
CC,500,4_m3_2xlarge,false,10000,false
CC,600,1_m3_medium,false,10000,true
CC,600,1_c3_large,false,10000,true
CC,600,1_m3_large,false,10000,true
CC,600,2_m3_medium,false,10000,true
CC,600,2_c3_large,false,10000,true
CC,600,1_c3_xlarge,false,10000,true
CC,600,3_m3_medium,false,10000,true
CC,600,2_m3_large,false,10000,true
CC,600,1_m3_xlarge,false,10000,true
CC,600,4_m3_medium,false,10000,true
CC,600,3_c3_large,false,10000,true
CC,600,2_c3_xlarge,false,10000,true
CC,600,3_m3_large,false,10000,true
CC,600,1_c3_2xlarge,false,10000,true
CC,600,4_c3_large,false,10000,true
CC,600,4_m3_large,false,10000,false
CC,600,2_m3_xlarge,false,10000,false
CC,600,1_m3_2xlarge,false,10000,false
CC,600,3_c3_xlarge,false,10000,false
CC,600,4_c3_xlarge,false,10000,true
CC,600,2_c3_2xlarge,false,10000,true
CC,600,3_m3_xlarge,false,10000,true
CC,600,2_m3_2xlarge,false,10000,true
CC,600,4_m3_xlarge,false,10000,true
CC,600,3_c3_2xlarge,false,10000,false
CC,600,4_c3_2xlarge,false,10000,false
CC,600,3_m3_2xlarge,false,10000,false
CC,600,4_m3_2xlarge,false,10000,false
CC,700,1_m3_medium,false,10000,true
CC,700,1_c3_large,false,10000,true
CC,700,1_m3_large,false,10000,true
CC,700,2_m3_medium,false,10000,true
CC,700,2_c3_large,false,10000,true
CC,700,1_c3_xlarge,false,10000,true
CC,700,3_m3_medium,false,10000,true
CC,700,2_m3_large,false,10000,true
CC,700,1_m3_xlarge,false,10000,true
CC,700,4_m3_medium,false,10000,true
CC,700,3_c3_large,false,10000,true
CC,700,2_c3_xlarge,false,10000,true
CC,700,3_m3_large,false,10000,true
CC,700,1_c3_2xlarge,false,10000,true
CC,700,4_c3_large,false,10000,true
CC,700,4_m3_large,false,10000,true
CC,700,2_m3_xlarge,false,10000,true
CC,700,1_m3_2xlarge,false,10000,true
CC,700,3_c3_xlarge,false,10000,true
CC,700,4_c3_xlarge,false,10000,true
CC,700,2_c3_2xlarge,false,10000,true
CC,700,3_m3_xlarge,false,10000,true
CC,700,2_m3_2xlarge,false,10000,true
CC,700,4_m3_xlarge,false,10000,true
CC,700,3_c3_2xlarge,false,10000,true
CC,700,4_c3_2xlarge,false,10000,true
CC,700,3_m3_2xlarge,false,10000,true
CC,700,4_m3_2xlarge,false,10000,true
CC,800,1_m3_medium,false,10000,true
CC,800,1_c3_large,false,10000,true
CC,800,1_m3_large,false,10000,true
CC,800,2_m3_medium,false,10000,true
CC,800,2_c3_large,false,10000,true
CC,800,1_c3_xlarge,false,10000,true
CC,800,3_m3_medium,false,10000,true
CC,800,2_m3_large,false,10000,true
CC,800,1_m3_xlarge,false,10000,true
CC,800,4_m3_medium,false,10000,true
CC,800,3_c3_large,false,10000,true
CC,800,2_c3_xlarge,false,10000,true
CC,800,3_m3_large,false,10000,true
CC,800,1_c3_2xlarge,false,10000,true
CC,800,4_c3_large,false,10000,true
CC,800,4_m3_large,false,10000,true
CC,800,2_m3_xlarge,false,10000,true
CC,800,1_m3_2xlarge,false,10000,true
CC,800,3_c3_xlarge,false,10000,true
CC,800,4_c3_xlarge,false,10000,true
CC,800,2_c3_2xlarge,false,10000,true
CC,800,3_m3_xlarge,false,10000,true
CC,800,2_m3_2xlarge,false,10000,true
CC,800,4_m3_xlarge,false,10000,true
CC,800,3_c3_2xlarge,false,10000,true
CC,800,4_c3_2xlarge,false,10000,true
CC,800,3_m3_2xlarge,false,10000,true
CC,800,4_m3_2xlarge,false,10000,true
CC,900,1_m3_medium,false,10000,true
CC,900,1_c3_large,false,10000,true
CC,900,1_m3_large,false,10000,true
CC,900,2_m3_medium,false,10000,true
CC,900,2_c3_large,false,10000,true
CC,900,1_c3_xlarge,false,10000,true
CC,900,3_m3_medium,false,10000,true
CC,900,2_m3_large,false,10000,true
CC,900,1_m3_xlarge,false,10000,true
CC,900,4_m3_medium,false,10000,true
CC,900,3_c3_large,false,10000,true
CC,900,2_c3_xlarge,false,10000,true
CC,900,3_m3_large,false,10000,true
CC,900,1_c3_2xlarge,false,10000,true
CC,900,4_c3_large,false,10000,true
CC,900,4_m3_large,false,10000,true
CC,900,2_m3_xlarge,false,10000,true
CC,900,1_m3_2xlarge,false,10000,true
CC,900,3_c3_xlarge,false,10000,true
CC,900,4_c3_xlarge,false,10000,true
CC,900,2_c3_2xlarge,false,10000,true
CC,900,3_m3_xlarge,false,10000,true
CC,900,2_m3_2xlarge,false,10000,true
CC,900,4_m3_xlarge,false,10000,true
CC,900,3_c3_2xlarge,false,10000,true
CC,900,4_c3_2xlarge,false,10000,true
CC,900,3_m3_2xlarge,false,10000,true
CC,900,4_m3_2xlarge,false,10000,true
CC,1000,1_m3_medium,false,10000,true
CC,1000,1_c3_large,false,10000,true
CC,1000,1_m3_large,false,10000,true
CC,1000,2_m3_medium,false,10000,true
CC,1000,2_c3_large,false,10000,true
CC,1000,1_c3_xlarge,false,10000,true
CC,1000,3_m3_medium,false,10000,true
CC,1000,2_m3_large,false,10000,true
CC,1000,1_m3_xlarge,false,10000,true
CC,1000,4_m3_medium,false,10000,true
CC,1000,3_c3_large,false,10000,true
CC,1000,2_c3_xlarge,false,10000,true
CC,1000,3_m3_large,false,10000,true
CC,1000,1_c3_2xlarge,false,10000,true
CC,1000,4_c3_large,false,10000,true
CC,1000,4_m3_large,false,10000,true
CC,1000,2_m3_xlarge,false,10000,true
CC,1000,1_m3_2xlarge,false,10000,true
CC,1000,3_c3_xlarge,false,10000,true
CC,1000,4_c3_xlarge,false,10000,true
CC,1000,2_c3_2xlarge,false,10000,true
CC,1000,3_m3_xlarge,false,10000,true
CC,1000,2_m3_2xlarge,false,10000,true
CC,1000,4_m3_xlarge,false,10000,true
CC,1000,3_c3_2xlarge,false,10000,true
CC,1000,4_c3_2xlarge,false,10000,true
CC,1000,3_m3_2xlarge,false,10000,true
CC,1000,4_m3_2xlarge,false,10000,true
CC,100,1_m3_medium,false,20000,false
CC,100,1_c3_large,true,20000,true
CC,100,1_m3_large,true,20000,true
CC,100,2_m3_medium,true,20000,false
CC,100,2_c3_large,true,20000,true
CC,100,1_c3_xlarge,true,20000,true
CC,100,3_m3_medium,true,20000,true
CC,100,2_m3_large,true,20000,true
CC,100,1_m3_xlarge,true,20000,true
CC,100,4_m3_medium,true,20000,true
CC,100,3_c3_large,true,20000,true
CC,100,2_c3_xlarge,true,20000,true
CC,100,3_m3_large,true,20000,true
CC,100,1_c3_2xlarge,true,20000,true
CC,100,4_c3_large,true,20000,true
CC,100,4_m3_large,true,20000,true
CC,100,2_m3_xlarge,true,20000,true
CC,100,1_m3_2xlarge,true,20000,true
CC,100,3_c3_xlarge,true,20000,true
CC,100,4_c3_xlarge,true,20000,true
CC,100,2_c3_2xlarge,true,20000,true
CC,100,3_m3_xlarge,true,20000,true
CC,100,2_m3_2xlarge,true,20000,true
CC,100,4_m3_xlarge,true,20000,true
CC,100,3_c3_2xlarge,true,20000,true
CC,100,4_c3_2xlarge,true,20000,true
CC,100,3_m3_2xlarge,true,20000,true
CC,100,4_m3_2xlarge,true,20000,true
CC,200,1_m3_medium,false,20000,true
CC,200,1_c3_large,true,20000,false
CC,200,1_m3_large,true,20000,false
CC,200,2_m3_medium,false,20000,false
CC,200,2_c3_large,true,20000,true
CC,200,1_c3_xlarge,true,20000,true
CC,200,3_m3_medium,true,20000,true
CC,200,2_m3_large,true,20000,true
CC,200,1_m3_xlarge,true,20000,true
CC,200,4_m3_medium,true,20000,true
CC,200,3_c3_large,true,20000,true
CC,200,2_c3_xlarge,true,20000,true
CC,200,3_m3_large,true,20000,true
CC,200,1_c3_2xlarge,true,20000,true
CC,200,4_c3_large,true,20000,true
CC,200,4_m3_large,true,20000,true
CC,200,2_m3_xlarge,true,20000,true
CC,200,1_m3_2xlarge,true,20000,true
CC,200,3_c3_xlarge,true,20000,true
CC,200,4_c3_xlarge,true,20000,true
CC,200,2_c3_2xlarge,true,20000,true
CC,200,3_m3_xlarge,true,20000,true
CC,200,2_m3_2xlarge,true,20000,true
CC,200,4_m3_xlarge,true,20000,true
CC,200,3_c3_2xlarge,true,20000,true
CC,200,4_c3_2xlarge,true,20000,true
CC,200,3_m3_2xlarge,true,20000,true
CC,200,4_m3_2xlarge,true,20000,true
CC,300,1_m3_medium,false,20000,true
CC,300,1_c3_large,false,20000,false
CC,300,1_m3_large,false,20000,false
CC,300,2_m3_medium,false,20000,false
CC,300,2_c3_large,true,20000,false
CC,300,1_c3_xlarge,true,20000,false
CC,300,3_m3_medium,false,20000,false
CC,300,2_m3_large,true,20000,false
CC,300,1_m3_xlarge,true,20000,false
CC,300,4_m3_medium,true,20000,false
CC,300,3_c3_large,true,20000,true
CC,300,2_c3_xlarge,true,20000,true
CC,300,3_m3_large,true,20000,true
CC,300,1_c3_2xlarge,true,20000,true
CC,300,4_c3_large,true,20000,true
CC,300,4_m3_large,true,20000,true
CC,300,2_m3_xlarge,true,20000,true
CC,300,1_m3_2xlarge,true,20000,true
CC,300,3_c3_xlarge,true,20000,true
CC,300,4_c3_xlarge,true,20000,true
CC,300,2_c3_2xlarge,true,20000,true
CC,300,3_m3_xlarge,true,20000,true
CC,300,2_m3_2xlarge,true,20000,true
CC,300,4_m3_xlarge,true,20000,true
CC,300,3_c3_2xlarge,true,20000,true
CC,300,4_c3_2xlarge,true,20000,true
CC,300,3_m3_2xlarge,true,20000,true
CC,300,4_m3_2xlarge,true,20000,true
CC,400,1_m3_medium,false,20000,true
CC,400,1_c3_large,false,20000,true
CC,400,1_m3_large,false,20000,true
CC,400,2_m3_medium,false,20000,true
CC,400,2_c3_large,true,20000,false
CC,400,1_c3_xlarge,true,20000,false
CC,400,3_m3_medium,false,20000,true
CC,400,2_m3_large,true,20000,false
CC,400,1_m3_xlarge,true,20000,false
CC,400,4_m3_medium,false,20000,false
CC,400,3_c3_large,true,20000,true
CC,400,2_c3_xlarge,true,20000,true
CC,400,3_m3_large,true,20000,true
CC,400,1_c3_2xlarge,true,20000,true
CC,400,4_c3_large,true,20000,true
CC,400,4_m3_large,true,20000,true
CC,400,2_m3_xlarge,true,20000,true
CC,400,1_m3_2xlarge,true,20000,true
CC,400,3_c3_xlarge,true,20000,true
CC,400,4_c3_xlarge,true,20000,true
CC,400,2_c3_2xlarge,true,20000,true
CC,400,3_m3_xlarge,true,20000,true
CC,400,2_m3_2xlarge,true,20000,true
CC,400,4_m3_xlarge,true,20000,true
CC,400,3_c3_2xlarge,true,20000,true
CC,400,4_c3_2xlarge,true,20000,true
CC,400,3_m3_2xlarge,true,20000,true
CC,400,4_m3_2xlarge,true,20000,true
CC,500,1_m3_medium,false,20000,true
CC,500,1_c3_large,false,20000,true
CC,500,1_m3_large,false,20000,true
CC,500,2_m3_medium,false,20000,true
CC,500,2_c3_large,true,20000,false
CC,500,1_c3_xlarge,true,20000,false
CC,500,3_m3_medium,false,20000,true
CC,500,2_m3_large,true,20000,false
CC,500,1_m3_xlarge,false,20000,false
CC,500,4_m3_medium,false,20000,true
CC,500,3_c3_large,true,20000,true
CC,500,2_c3_xlarge,true,20000,true
CC,500,3_m3_large,true,20000,true
CC,500,1_c3_2xlarge,true,20000,true
CC,500,4_c3_large,true,20000,true
CC,500,4_m3_large,true,20000,true
CC,500,2_m3_xlarge,true,20000,true
CC,500,1_m3_2xlarge,true,20000,true
CC,500,3_c3_xlarge,true,20000,true
CC,500,4_c3_xlarge,true,20000,true
CC,500,2_c3_2xlarge,true,20000,true
CC,500,3_m3_xlarge,true,20000,true
CC,500,2_m3_2xlarge,true,20000,true
CC,500,4_m3_xlarge,true,20000,true
CC,500,3_c3_2xlarge,true,20000,true
CC,500,4_c3_2xlarge,true,20000,true
CC,500,3_m3_2xlarge,true,20000,true
CC,500,4_m3_2xlarge,true,20000,true
CC,600,1_m3_medium,false,20000,true
CC,600,1_c3_large,false,20000,true
CC,600,1_m3_large,false,20000,true
CC,600,2_m3_medium,false,20000,true
CC,600,2_c3_large,false,20000,false
CC,600,1_c3_xlarge,false,20000,false
CC,600,3_m3_medium,false,20000,false
CC,600,2_m3_large,false,20000,false
CC,600,1_m3_xlarge,false,20000,false
CC,600,4_m3_medium,false,20000,false
CC,600,3_c3_large,true,20000,false
CC,600,2_c3_xlarge,true,20000,true
CC,600,3_m3_large,true,20000,false
CC,600,1_c3_2xlarge,true,20000,true
CC,600,4_c3_large,true,20000,true
CC,600,4_m3_large,true,20000,false
CC,600,2_m3_xlarge,true,20000,false
CC,600,1_m3_2xlarge,true,20000,false
CC,600,3_c3_xlarge,true,20000,false
CC,600,4_c3_xlarge,true,20000,true
CC,600,2_c3_2xlarge,true,20000,true
CC,600,3_m3_xlarge,true,20000,true
CC,600,2_m3_2xlarge,true,20000,true
CC,600,4_m3_xlarge,true,20000,true
CC,600,3_c3_2xlarge,true,20000,true
CC,600,4_c3_2xlarge,true,20000,true
CC,600,3_m3_2xlarge,true,20000,true
CC,600,4_m3_2xlarge,true,20000,true
CC,700,1_m3_medium,false,20000,true
CC,700,1_c3_large,false,20000,true
CC,700,1_m3_large,false,20000,true
CC,700,2_m3_medium,false,20000,true
CC,700,2_c3_large,false,20000,true
CC,700,1_c3_xlarge,false,20000,true
CC,700,3_m3_medium,false,20000,true
CC,700,2_m3_large,false,20000,true
CC,700,1_m3_xlarge,false,20000,true
CC,700,4_m3_medium,false,20000,true
CC,700,3_c3_large,true,20000,false
CC,700,2_c3_xlarge,true,20000,false
CC,700,3_m3_large,true,20000,false
CC,700,1_c3_2xlarge,true,20000,false
CC,700,4_c3_large,true,20000,false
CC,700,4_m3_large,true,20000,false
CC,700,2_m3_xlarge,true,20000,false
CC,700,1_m3_2xlarge,true,20000,false
CC,700,3_c3_xlarge,true,20000,true
CC,700,4_c3_xlarge,true,20000,false
CC,700,2_c3_2xlarge,true,20000,false
CC,700,3_m3_xlarge,true,20000,true
CC,700,2_m3_2xlarge,true,20000,false
CC,700,4_m3_xlarge,true,20000,false
CC,700,3_c3_2xlarge,true,20000,true
CC,700,4_c3_2xlarge,true,20000,true
CC,700,3_m3_2xlarge,true,20000,true
CC,700,4_m3_2xlarge,true,20000,true
CC,800,1_m3_medium,false,20000,true
CC,800,1_c3_large,false,20000,true
CC,800,1_m3_large,false,20000,true
CC,800,2_m3_medium,false,20000,true
CC,800,2_c3_large,false,20000,true
CC,800,1_c3_xlarge,false,20000,true
CC,800,3_m3_medium,false,20000,true
CC,800,2_m3_large,false,20000,true
CC,800,1_m3_xlarge,false,20000,true
CC,800,4_m3_medium,false,20000,true
CC,800,3_c3_large,false,20000,true
CC,800,2_c3_xlarge,false,20000,true
CC,800,3_m3_large,false,20000,true
CC,800,1_c3_2xlarge,false,20000,true
CC,800,4_c3_large,false,20000,true
CC,800,4_m3_large,false,20000,true
CC,800,2_m3_xlarge,false,20000,true
CC,800,1_m3_2xlarge,false,20000,true
CC,800,3_c3_xlarge,false,20000,true
CC,800,4_c3_xlarge,false,20000,true
CC,800,2_c3_2xlarge,false,20000,true
CC,800,3_m3_xlarge,false,20000,true
CC,800,2_m3_2xlarge,false,20000,false
CC,800,4_m3_xlarge,false,20000,false
CC,800,3_c3_2xlarge,false,20000,true
CC,800,4_c3_2xlarge,false,20000,false
CC,800,3_m3_2xlarge,false,20000,true
CC,800,4_m3_2xlarge,false,20000,false
CC,900,1_m3_medium,false,20000,true
CC,900,1_c3_large,false,20000,true
CC,900,1_m3_large,false,20000,true
CC,900,2_m3_medium,false,20000,true
CC,900,2_c3_large,false,20000,true
CC,900,1_c3_xlarge,false,20000,true
CC,900,3_m3_medium,false,20000,true
CC,900,2_m3_large,false,20000,true
CC,900,1_m3_xlarge,false,20000,true
CC,900,4_m3_medium,false,20000,true
CC,900,3_c3_large,false,20000,true
CC,900,2_c3_xlarge,false,20000,true
CC,900,3_m3_large,false,20000,false
CC,900,1_c3_2xlarge,false,20000,true
CC,900,4_c3_large,false,20000,true
CC,900,4_m3_large,false,20000,true
CC,900,2_m3_xlarge,false,20000,true
CC,900,1_m3_2xlarge,false,20000,true
CC,900,3_c3_xlarge,false,20000,true
CC,900,4_c3_xlarge,false,20000,false
CC,900,2_c3_2xlarge,false,20000,false
CC,900,3_m3_xlarge,false,20000,true
CC,900,2_m3_2xlarge,false,20000,false
CC,900,4_m3_xlarge,false,20000,false
CC,900,3_c3_2xlarge,false,20000,true
CC,900,4_c3_2xlarge,false,20000,false
CC,900,3_m3_2xlarge,false,20000,true
CC,900,4_m3_2xlarge,false,20000,false
CC,1000,1_m3_medium,false,20000,true
CC,1000,1_c3_large,false,20000,true
CC,1000,1_m3_large,false,20000,true
CC,1000,2_m3_medium,false,20000,true
CC,1000,2_c3_large,false,20000,true
CC,1000,1_c3_xlarge,false,20000,true
CC,1000,3_m3_medium,false,20000,true
CC,1000,2_m3_large,false,20000,true
CC,1000,1_m3_xlarge,false,20000,true
CC,1000,4_m3_medium,false,20000,true
CC,1000,3_c3_large,false,20000,true
CC,1000,2_c3_xlarge,false,20000,true
CC,1000,3_m3_large,false,20000,true
CC,1000,1_c3_2xlarge,false,20000,true
CC,1000,4_c3_large,false,20000,true
CC,1000,4_m3_large,false,20000,true
CC,1000,2_m3_xlarge,false,20000,true
CC,1000,1_m3_2xlarge,false,20000,true
CC,1000,3_c3_xlarge,false,20000,true
CC,1000,4_c3_xlarge,false,20000,true
CC,1000,2_c3_2xlarge,false,20000,true
CC,1000,3_m3_xlarge,false,20000,true
CC,1000,2_m3_2xlarge,false,20000,true
CC,1000,4_m3_xlarge,false,20000,true
CC,1000,3_c3_2xlarge,false,20000,true
CC,1000,4_c3_2xlarge,false,20000,true
CC,1000,3_m3_2xlarge,false,20000,true
CC,1000,4_m3_2xlarge,false,20000,true
CC,100,1_m3_medium,true,30000,false
CC,100,1_c3_large,true,30000,true
CC,100,1_m3_large,true,30000,true
CC,100,2_m3_medium,true,30000,true
CC,100,2_c3_large,true,30000,true
CC,100,1_c3_xlarge,true,30000,true
CC,100,3_m3_medium,true,30000,true
CC,100,2_m3_large,true,30000,true
CC,100,1_m3_xlarge,true,30000,true
CC,100,4_m3_medium,true,30000,true
CC,100,3_c3_large,true,30000,true
CC,100,2_c3_xlarge,true,30000,true
CC,100,3_m3_large,true,30000,true
CC,100,1_c3_2xlarge,true,30000,true
CC,100,4_c3_large,true,30000,true
CC,100,4_m3_large,true,30000,true
CC,100,2_m3_xlarge,true,30000,true
CC,100,1_m3_2xlarge,true,30000,true
CC,100,3_c3_xlarge,true,30000,true
CC,100,4_c3_xlarge,true,30000,true
CC,100,2_c3_2xlarge,true,30000,true
CC,100,3_m3_xlarge,true,30000,true
CC,100,2_m3_2xlarge,true,30000,true
CC,100,4_m3_xlarge,true,30000,true
CC,100,3_c3_2xlarge,true,30000,true
CC,100,4_c3_2xlarge,true,30000,true
CC,100,3_m3_2xlarge,true,30000,true
CC,100,4_m3_2xlarge,true,30000,true
CC,200,1_m3_medium,false,30000,false
CC,200,1_c3_large,true,30000,true
CC,200,1_m3_large,true,30000,true
CC,200,2_m3_medium,true,30000,false
CC,200,2_c3_large,true,30000,true
CC,200,1_c3_xlarge,true,30000,true
CC,200,3_m3_medium,true,30000,true
CC,200,2_m3_large,true,30000,true
CC,200,1_m3_xlarge,true,30000,true
CC,200,4_m3_medium,true,30000,true
CC,200,3_c3_large,true,30000,true
CC,200,2_c3_xlarge,true,30000,true
CC,200,3_m3_large,true,30000,true
CC,200,1_c3_2xlarge,true,30000,true
CC,200,4_c3_large,true,30000,true
CC,200,4_m3_large,true,30000,true
CC,200,2_m3_xlarge,true,30000,true
CC,200,1_m3_2xlarge,true,30000,true
CC,200,3_c3_xlarge,true,30000,true
CC,200,4_c3_xlarge,true,30000,true
CC,200,2_c3_2xlarge,true,30000,true
CC,200,3_m3_xlarge,true,30000,true
CC,200,2_m3_2xlarge,true,30000,true
CC,200,4_m3_xlarge,true,30000,true
CC,200,3_c3_2xlarge,true,30000,true
CC,200,4_c3_2xlarge,true,30000,true
CC,200,3_m3_2xlarge,true,30000,true
CC,200,4_m3_2xlarge,true,30000,true
CC,300,1_m3_medium,false,30000,true
CC,300,1_c3_large,true,30000,false
CC,300,1_m3_large,true,30000,false
CC,300,2_m3_medium,false,30000,false
CC,300,2_c3_large,true,30000,true
CC,300,1_c3_xlarge,true,30000,true
CC,300,3_m3_medium,true,30000,true
CC,300,2_m3_large,true,30000,true
CC,300,1_m3_xlarge,true,30000,true
CC,300,4_m3_medium,true,30000,true
CC,300,3_c3_large,true,30000,true
CC,300,2_c3_xlarge,true,30000,true
CC,300,3_m3_large,true,30000,true
CC,300,1_c3_2xlarge,true,30000,true
CC,300,4_c3_large,true,30000,true
CC,300,4_m3_large,true,30000,true
CC,300,2_m3_xlarge,true,30000,true
CC,300,1_m3_2xlarge,true,30000,true
CC,300,3_c3_xlarge,true,30000,true
CC,300,4_c3_xlarge,true,30000,true
CC,300,2_c3_2xlarge,true,30000,true
CC,300,3_m3_xlarge,true,30000,true
CC,300,2_m3_2xlarge,true,30000,true
CC,300,4_m3_xlarge,true,30000,true
CC,300,3_c3_2xlarge,true,30000,true
CC,300,4_c3_2xlarge,true,30000,true
CC,300,3_m3_2xlarge,true,30000,true
CC,300,4_m3_2xlarge,true,30000,true
CC,400,1_m3_medium,false,30000,true
CC,400,1_c3_large,false,30000,false
CC,400,1_m3_large,false,30000,true
CC,400,2_m3_medium,false,30000,true
CC,400,2_c3_large,true,30000,true
CC,400,1_c3_xlarge,true,30000,true
CC,400,3_m3_medium,false,30000,false
CC,400,2_m3_large,true,30000,true
CC,400,1_m3_xlarge,true,30000,true
CC,400,4_m3_medium,true,30000,false
CC,400,3_c3_large,true,30000,true
CC,400,2_c3_xlarge,true,30000,true
CC,400,3_m3_large,true,30000,true
CC,400,1_c3_2xlarge,true,30000,true
CC,400,4_c3_large,true,30000,true
CC,400,4_m3_large,true,30000,true
CC,400,2_m3_xlarge,true,30000,true
CC,400,1_m3_2xlarge,true,30000,true
CC,400,3_c3_xlarge,true,30000,true
CC,400,4_c3_xlarge,true,30000,true
CC,400,2_c3_2xlarge,true,30000,true
CC,400,3_m3_xlarge,true,30000,true
CC,400,2_m3_2xlarge,true,30000,true
CC,400,4_m3_xlarge,true,30000,true
CC,400,3_c3_2xlarge,true,30000,true
CC,400,4_c3_2xlarge,true,30000,true
CC,400,3_m3_2xlarge,true,30000,true
CC,400,4_m3_2xlarge,true,30000,true
CC,500,1_m3_medium,false,30000,true
CC,500,1_c3_large,false,30000,true
CC,500,1_m3_large,false,30000,true
CC,500,2_m3_medium,false,30000,true
CC,500,2_c3_large,true,30000,true
CC,500,1_c3_xlarge,true,30000,true
CC,500,3_m3_medium,false,30000,true
CC,500,2_m3_large,true,30000,true
CC,500,1_m3_xlarge,true,30000,true
CC,500,4_m3_medium,false,30000,false
CC,500,3_c3_large,true,30000,true
CC,500,2_c3_xlarge,true,30000,true
CC,500,3_m3_large,true,30000,true
CC,500,1_c3_2xlarge,true,30000,true
CC,500,4_c3_large,true,30000,true
CC,500,4_m3_large,true,30000,true
CC,500,2_m3_xlarge,true,30000,true
CC,500,1_m3_2xlarge,true,30000,true
CC,500,3_c3_xlarge,true,30000,true
CC,500,4_c3_xlarge,true,30000,true
CC,500,2_c3_2xlarge,true,30000,true
CC,500,3_m3_xlarge,true,30000,true
CC,500,2_m3_2xlarge,true,30000,true
CC,500,4_m3_xlarge,true,30000,true
CC,500,3_c3_2xlarge,true,30000,true
CC,500,4_c3_2xlarge,true,30000,true
CC,500,3_m3_2xlarge,true,30000,true
CC,500,4_m3_2xlarge,true,30000,true
CC,600,1_m3_medium,false,30000,true
CC,600,1_c3_large,false,30000,false
CC,600,1_m3_large,false,30000,true
CC,600,2_m3_medium,false,30000,true
CC,600,2_c3_large,true,30000,false
CC,600,1_c3_xlarge,true,30000,false
CC,600,3_m3_medium,false,30000,false
CC,600,2_m3_large,true,30000,false
CC,600,1_m3_xlarge,true,30000,false
CC,600,4_m3_medium,false,30000,false
CC,600,3_c3_large,true,30000,false
CC,600,2_c3_xlarge,true,30000,true
CC,600,3_m3_large,true,30000,false
CC,600,1_c3_2xlarge,true,30000,true
CC,600,4_c3_large,true,30000,true
CC,600,4_m3_large,true,30000,false
CC,600,2_m3_xlarge,true,30000,false
CC,600,1_m3_2xlarge,true,30000,false
CC,600,3_c3_xlarge,true,30000,false
CC,600,4_c3_xlarge,true,30000,true
CC,600,2_c3_2xlarge,true,30000,true
CC,600,3_m3_xlarge,true,30000,true
CC,600,2_m3_2xlarge,true,30000,true
CC,600,4_m3_xlarge,true,30000,true
CC,600,3_c3_2xlarge,true,30000,true
CC,600,4_c3_2xlarge,true,30000,true
CC,600,3_m3_2xlarge,true,30000,true
CC,600,4_m3_2xlarge,true,30000,true
CC,700,1_m3_medium,false,30000,true
CC,700,1_c3_large,false,30000,true
CC,700,1_m3_large,false,30000,true
CC,700,2_m3_medium,false,30000,true
CC,700,2_c3_large,true,30000,false
CC,700,1_c3_xlarge,true,30000,false
CC,700,3_m3_medium,false,30000,true
CC,700,2_m3_large,true,30000,false
CC,700,1_m3_xlarge,true,30000,false
CC,700,4_m3_medium,false,30000,true
CC,700,3_c3_large,true,30000,true
CC,700,2_c3_xlarge,true,30000,true
CC,700,3_m3_large,true,30000,true
CC,700,1_c3_2xlarge,true,30000,true
CC,700,4_c3_large,true,30000,true
CC,700,4_m3_large,true,30000,true
CC,700,2_m3_xlarge,true,30000,true
CC,700,1_m3_2xlarge,true,30000,true
CC,700,3_c3_xlarge,true,30000,true
CC,700,4_c3_xlarge,true,30000,true
CC,700,2_c3_2xlarge,true,30000,true
CC,700,3_m3_xlarge,true,30000,true
CC,700,2_m3_2xlarge,true,30000,true
CC,700,4_m3_xlarge,true,30000,true
CC,700,3_c3_2xlarge,true,30000,true
CC,700,4_c3_2xlarge,true,30000,true
CC,700,3_m3_2xlarge,true,30000,true
CC,700,4_m3_2xlarge,true,30000,true
CC,800,1_m3_medium,false,30000,true
CC,800,1_c3_large,false,30000,true
CC,800,1_m3_large,false,30000,true
CC,800,2_m3_medium,false,30000,true
CC,800,2_c3_large,false,30000,false
CC,800,1_c3_xlarge,false,30000,false
CC,800,3_m3_medium,false,30000,true
CC,800,2_m3_large,false,30000,false
CC,800,1_m3_xlarge,false,30000,false
CC,800,4_m3_medium,false,30000,true
CC,800,3_c3_large,true,30000,true
CC,800,2_c3_xlarge,true,30000,true
CC,800,3_m3_large,true,30000,true
CC,800,1_c3_2xlarge,true,30000,true
CC,800,4_c3_large,true,30000,true
CC,800,4_m3_large,true,30000,true
CC,800,2_m3_xlarge,true,30000,true
CC,800,1_m3_2xlarge,true,30000,true
CC,800,3_c3_xlarge,true,30000,true
CC,800,4_c3_xlarge,true,30000,true
CC,800,2_c3_2xlarge,true,30000,true
CC,800,3_m3_xlarge,true,30000,true
CC,800,2_m3_2xlarge,true,30000,true
CC,800,4_m3_xlarge,true,30000,true
CC,800,3_c3_2xlarge,true,30000,true
CC,800,4_c3_2xlarge,true,30000,true
CC,800,3_m3_2xlarge,true,30000,true
CC,800,4_m3_2xlarge,true,30000,true
CC,900,1_m3_medium,false,30000,true
CC,900,1_c3_large,false,30000,true
CC,900,1_m3_large,false,30000,true
CC,900,2_m3_medium,false,30000,true
CC,900,2_c3_large,false,30000,false
CC,900,1_c3_xlarge,false,30000,false
CC,900,3_m3_medium,false,30000,true
CC,900,2_m3_large,false,30000,false
CC,900,1_m3_xlarge,false,30000,false
CC,900,4_m3_medium,false,30000,true
CC,900,3_c3_large,true,30000,false
CC,900,2_c3_xlarge,true,30000,true
CC,900,3_m3_large,true,30000,false
CC,900,1_c3_2xlarge,true,30000,true
CC,900,4_c3_large,true,30000,true
CC,900,4_m3_large,true,30000,false
CC,900,2_m3_xlarge,true,30000,false
CC,900,1_m3_2xlarge,true,30000,false
CC,900,3_c3_xlarge,true,30000,false
CC,900,4_c3_xlarge,true,30000,true
CC,900,2_c3_2xlarge,true,30000,true
CC,900,3_m3_xlarge,true,30000,true
CC,900,2_m3_2xlarge,true,30000,false
CC,900,4_m3_xlarge,true,30000,false
CC,900,3_c3_2xlarge,true,30000,true
CC,900,4_c3_2xlarge,true,30000,true
CC,900,3_m3_2xlarge,true,30000,true
CC,900,4_m3_2xlarge,true,30000,true
CC,1000,1_m3_medium,false,30000,true
CC,1000,1_c3_large,false,30000,true
CC,1000,1_m3_large,false,30000,true
CC,1000,2_m3_medium,false,30000,true
CC,1000,2_c3_large,false,30000,true
CC,1000,1_c3_xlarge,false,30000,true
CC,1000,3_m3_medium,false,30000,true
CC,1000,2_m3_large,false,30000,true
CC,1000,1_m3_xlarge,false,30000,true
CC,1000,4_m3_medium,false,30000,true
CC,1000,3_c3_large,false,30000,true
CC,1000,2_c3_xlarge,false,30000,true
CC,1000,3_m3_large,false,30000,true
CC,1000,1_c3_2xlarge,false,30000,true
CC,1000,4_c3_large,false,30000,true
CC,1000,4_m3_large,true,30000,false
CC,1000,2_m3_xlarge,false,30000,false
CC,1000,1_m3_2xlarge,true,30000,false
CC,1000,3_c3_xlarge,false,30000,true
CC,1000,4_c3_xlarge,false,30000,false
CC,1000,2_c3_2xlarge,true,30000,false
CC,1000,3_m3_xlarge,true,30000,true
CC,1000,2_m3_2xlarge,true,30000,false
CC,1000,4_m3_xlarge,true,30000,false
CC,1000,3_c3_2xlarge,true,30000,true
CC,1000,4_c3_2xlarge,true,30000,true
CC,1000,3_m3_2xlarge,true,30000,true
CC,1000,4_m3_2xlarge,true,30000,true
CC,100,1_m3_medium,true,40000,false
CC,100,1_c3_large,true,40000,true
CC,100,1_m3_large,true,40000,true
CC,100,2_m3_medium,true,40000,true
CC,100,2_c3_large,true,40000,true
CC,100,1_c3_xlarge,true,40000,true
CC,100,3_m3_medium,true,40000,true
CC,100,2_m3_large,true,40000,true
CC,100,1_m3_xlarge,true,40000,true
CC,100,4_m3_medium,true,40000,true
CC,100,3_c3_large,true,40000,true
CC,100,2_c3_xlarge,true,40000,true
CC,100,3_m3_large,true,40000,true
CC,100,1_c3_2xlarge,true,40000,true
CC,100,4_c3_large,true,40000,true
CC,100,4_m3_large,true,40000,true
CC,100,2_m3_xlarge,true,40000,true
CC,100,1_m3_2xlarge,true,40000,true
CC,100,3_c3_xlarge,true,40000,true
CC,100,4_c3_xlarge,true,40000,true
CC,100,2_c3_2xlarge,true,40000,true
CC,100,3_m3_xlarge,true,40000,true
CC,100,2_m3_2xlarge,true,40000,true
CC,100,4_m3_xlarge,true,40000,true
CC,100,3_c3_2xlarge,true,40000,true
CC,100,4_c3_2xlarge,true,40000,true
CC,100,3_m3_2xlarge,true,40000,true
CC,100,4_m3_2xlarge,true,40000,true
CC,200,1_m3_medium,false,40000,false
CC,200,1_c3_large,true,40000,true
CC,200,1_m3_large,true,40000,true
CC,200,2_m3_medium,true,40000,true
CC,200,2_c3_large,true,40000,true
CC,200,1_c3_xlarge,true,40000,true
CC,200,3_m3_medium,true,40000,true
CC,200,2_m3_large,true,40000,true
CC,200,1_m3_xlarge,true,40000,true
CC,200,4_m3_medium,true,40000,true
CC,200,3_c3_large,true,40000,true
CC,200,2_c3_xlarge,true,40000,true
CC,200,3_m3_large,true,40000,true
CC,200,1_c3_2xlarge,true,40000,true
CC,200,4_c3_large,true,40000,true
CC,200,4_m3_large,true,40000,true
CC,200,2_m3_xlarge,true,40000,true
CC,200,1_m3_2xlarge,true,40000,true
CC,200,3_c3_xlarge,true,40000,true
CC,200,4_c3_xlarge,true,40000,true
CC,200,2_c3_2xlarge,true,40000,true
CC,200,3_m3_xlarge,true,40000,true
CC,200,2_m3_2xlarge,true,40000,true
CC,200,4_m3_xlarge,true,40000,true
CC,200,3_c3_2xlarge,true,40000,true
CC,200,4_c3_2xlarge,true,40000,true
CC,200,3_m3_2xlarge,true,40000,true
CC,200,4_m3_2xlarge,true,40000,true
CC,300,1_m3_medium,false,40000,false
CC,300,1_c3_large,true,40000,true
CC,300,1_m3_large,true,40000,true
CC,300,2_m3_medium,true,40000,false
CC,300,2_c3_large,true,40000,true
CC,300,1_c3_xlarge,true,40000,true
CC,300,3_m3_medium,true,40000,true
CC,300,2_m3_large,true,40000,true
CC,300,1_m3_xlarge,true,40000,true
CC,300,4_m3_medium,true,40000,true
CC,300,3_c3_large,true,40000,true
CC,300,2_c3_xlarge,true,40000,true
CC,300,3_m3_large,true,40000,true
CC,300,1_c3_2xlarge,true,40000,true
CC,300,4_c3_large,true,40000,true
CC,300,4_m3_large,true,40000,true
CC,300,2_m3_xlarge,true,40000,true
CC,300,1_m3_2xlarge,true,40000,true
CC,300,3_c3_xlarge,true,40000,true
CC,300,4_c3_xlarge,true,40000,true
CC,300,2_c3_2xlarge,true,40000,true
CC,300,3_m3_xlarge,true,40000,true
CC,300,2_m3_2xlarge,true,40000,true
CC,300,4_m3_xlarge,true,40000,true
CC,300,3_c3_2xlarge,true,40000,true
CC,300,4_c3_2xlarge,true,40000,true
CC,300,3_m3_2xlarge,true,40000,true
CC,300,4_m3_2xlarge,true,40000,true
CC,400,1_m3_medium,false,40000,true
CC,400,1_c3_large,true,40000,false
CC,400,1_m3_large,true,40000,false
CC,400,2_m3_medium,false,40000,false
CC,400,2_c3_large,true,40000,true
CC,400,1_c3_xlarge,true,40000,true
CC,400,3_m3_medium,true,40000,true
CC,400,2_m3_large,true,40000,true
CC,400,1_m3_xlarge,true,40000,true
CC,400,4_m3_medium,true,40000,true
CC,400,3_c3_large,true,40000,true
CC,400,2_c3_xlarge,true,40000,true
CC,400,3_m3_large,true,40000,true
CC,400,1_c3_2xlarge,true,40000,true
CC,400,4_c3_large,true,40000,true
CC,400,4_m3_large,true,40000,true
CC,400,2_m3_xlarge,true,40000,true
CC,400,1_m3_2xlarge,true,40000,true
CC,400,3_c3_xlarge,true,40000,true
CC,400,4_c3_xlarge,true,40000,true
CC,400,2_c3_2xlarge,true,40000,true
CC,400,3_m3_xlarge,true,40000,true
CC,400,2_m3_2xlarge,true,40000,true
CC,400,4_m3_xlarge,true,40000,true
CC,400,3_c3_2xlarge,true,40000,true
CC,400,4_c3_2xlarge,true,40000,true
CC,400,3_m3_2xlarge,true,40000,true
CC,400,4_m3_2xlarge,true,40000,true
CC,500,1_m3_medium,false,40000,true
CC,500,1_c3_large,false,40000,false
CC,500,1_m3_large,false,40000,false
CC,500,2_m3_medium,false,40000,true
CC,500,2_c3_large,true,40000,true
CC,500,1_c3_xlarge,true,40000,true
CC,500,3_m3_medium,false,40000,false
CC,500,2_m3_large,true,40000,true
CC,500,1_m3_xlarge,true,40000,true
CC,500,4_m3_medium,true,40000,true
CC,500,3_c3_large,true,40000,true
CC,500,2_c3_xlarge,true,40000,true
CC,500,3_m3_large,true,40000,true
CC,500,1_c3_2xlarge,true,40000,true
CC,500,4_c3_large,true,40000,true
CC,500,4_m3_large,true,40000,true
CC,500,2_m3_xlarge,true,40000,true
CC,500,1_m3_2xlarge,true,40000,true
CC,500,3_c3_xlarge,true,40000,true
CC,500,4_c3_xlarge,true,40000,true
CC,500,2_c3_2xlarge,true,40000,true
CC,500,3_m3_xlarge,true,40000,true
CC,500,2_m3_2xlarge,true,40000,true
CC,500,4_m3_xlarge,true,40000,true
CC,500,3_c3_2xlarge,true,40000,true
CC,500,4_c3_2xlarge,true,40000,true
CC,500,3_m3_2xlarge,true,40000,true
CC,500,4_m3_2xlarge,true,40000,true
CC,600,1_m3_medium,false,40000,true
CC,600,1_c3_large,false,40000,false
CC,600,1_m3_large,false,40000,true
CC,600,2_m3_medium,false,40000,true
CC,600,2_c3_large,true,40000,false
CC,600,1_c3_xlarge,true,40000,false
CC,600,3_m3_medium,false,40000,false
CC,600,2_m3_large,true,40000,false
CC,600,1_m3_xlarge,true,40000,false
CC,600,4_m3_medium,true,40000,false
CC,600,3_c3_large,true,40000,false
CC,600,2_c3_xlarge,true,40000,true
CC,600,3_m3_large,true,40000,false
CC,600,1_c3_2xlarge,true,40000,true
CC,600,4_c3_large,true,40000,true
CC,600,4_m3_large,true,40000,false
CC,600,2_m3_xlarge,true,40000,false
CC,600,1_m3_2xlarge,true,40000,false
CC,600,3_c3_xlarge,true,40000,false
CC,600,4_c3_xlarge,true,40000,true
CC,600,2_c3_2xlarge,true,40000,true
CC,600,3_m3_xlarge,true,40000,true
CC,600,2_m3_2xlarge,true,40000,true
CC,600,4_m3_xlarge,true,40000,true
CC,600,3_c3_2xlarge,true,40000,true
CC,600,4_c3_2xlarge,true,40000,true
CC,600,3_m3_2xlarge,true,40000,true
CC,600,4_m3_2xlarge,true,40000,true
CC,700,1_m3_medium,false,40000,true
CC,700,1_c3_large,false,40000,true
CC,700,1_m3_large,false,40000,true
CC,700,2_m3_medium,false,40000,true
CC,700,2_c3_large,true,40000,true
CC,700,1_c3_xlarge,true,40000,true
CC,700,3_m3_medium,false,40000,true
CC,700,2_m3_large,true,40000,true
CC,700,1_m3_xlarge,true,40000,true
CC,700,4_m3_medium,false,40000,false
CC,700,3_c3_large,true,40000,true
CC,700,2_c3_xlarge,true,40000,true
CC,700,3_m3_large,true,40000,true
CC,700,1_c3_2xlarge,true,40000,true
CC,700,4_c3_large,true,40000,true
CC,700,4_m3_large,true,40000,true
CC,700,2_m3_xlarge,true,40000,true
CC,700,1_m3_2xlarge,true,40000,true
CC,700,3_c3_xlarge,true,40000,true
CC,700,4_c3_xlarge,true,40000,true
CC,700,2_c3_2xlarge,true,40000,true
CC,700,3_m3_xlarge,true,40000,true
CC,700,2_m3_2xlarge,true,40000,true
CC,700,4_m3_xlarge,true,40000,true
CC,700,3_c3_2xlarge,true,40000,true
CC,700,4_c3_2xlarge,true,40000,true
CC,700,3_m3_2xlarge,true,40000,true
CC,700,4_m3_2xlarge,true,40000,true
CC,800,1_m3_medium,false,40000,true
CC,800,1_c3_large,false,40000,true
CC,800,1_m3_large,false,40000,true
CC,800,2_m3_medium,false,40000,true
CC,800,2_c3_large,true,40000,true
CC,800,1_c3_xlarge,true,40000,false
CC,800,3_m3_medium,false,40000,true
CC,800,2_m3_large,true,40000,true
CC,800,1_m3_xlarge,true,40000,true
CC,800,4_m3_medium,false,40000,false
CC,800,3_c3_large,true,40000,true
CC,800,2_c3_xlarge,true,40000,true
CC,800,3_m3_large,true,40000,true
CC,800,1_c3_2xlarge,true,40000,true
CC,800,4_c3_large,true,40000,true
CC,800,4_m3_large,true,40000,true
CC,800,2_m3_xlarge,true,40000,true
CC,800,1_m3_2xlarge,true,40000,true
CC,800,3_c3_xlarge,true,40000,true
CC,800,4_c3_xlarge,true,40000,true
CC,800,2_c3_2xlarge,true,40000,true
CC,800,3_m3_xlarge,true,40000,true
CC,800,2_m3_2xlarge,true,40000,true
CC,800,4_m3_xlarge,true,40000,true
CC,800,3_c3_2xlarge,true,40000,true
CC,800,4_c3_2xlarge,true,40000,true
CC,800,3_m3_2xlarge,true,40000,true
CC,800,4_m3_2xlarge,true,40000,true
CC,900,1_m3_medium,false,40000,true
CC,900,1_c3_large,false,40000,true
CC,900,1_m3_large,false,40000,true
CC,900,2_m3_medium,false,40000,true
CC,900,2_c3_large,true,40000,false
CC,900,1_c3_xlarge,false,40000,false
CC,900,3_m3_medium,false,40000,true
CC,900,2_m3_large,true,40000,false
CC,900,1_m3_xlarge,true,40000,false
CC,900,4_m3_medium,false,40000,false
CC,900,3_c3_large,true,40000,false
CC,900,2_c3_xlarge,true,40000,true
CC,900,3_m3_large,true,40000,true
CC,900,1_c3_2xlarge,true,40000,true
CC,900,4_c3_large,true,40000,true
CC,900,4_m3_large,true,40000,true
CC,900,2_m3_xlarge,true,40000,true
CC,900,1_m3_2xlarge,true,40000,true
CC,900,3_c3_xlarge,true,40000,false
CC,900,4_c3_xlarge,true,40000,true
CC,900,2_c3_2xlarge,true,40000,true
CC,900,3_m3_xlarge,true,40000,true
CC,900,2_m3_2xlarge,true,40000,true
CC,900,4_m3_xlarge,true,40000,true
CC,900,3_c3_2xlarge,true,40000,true
CC,900,4_c3_2xlarge,true,40000,true
CC,900,3_m3_2xlarge,true,40000,true
CC,900,4_m3_2xlarge,true,40000,true
CC,1000,1_m3_medium,false,40000,true
CC,1000,1_c3_large,false,40000,true
CC,1000,1_m3_large,false,40000,true
CC,1000,2_m3_medium,false,40000,true
CC,1000,2_c3_large,false,40000,false
CC,1000,1_c3_xlarge,false,40000,true
CC,1000,3_m3_medium,false,40000,true
CC,1000,2_m3_large,false,40000,false
CC,1000,1_m3_xlarge,false,40000,false
CC,1000,4_m3_medium,false,40000,true
CC,1000,3_c3_large,true,40000,false
CC,1000,2_c3_xlarge,true,40000,true
CC,1000,3_m3_large,true,40000,false
CC,1000,1_c3_2xlarge,true,40000,true
CC,1000,4_c3_large,true,40000,true
CC,1000,4_m3_large,true,40000,true
CC,1000,2_m3_xlarge,true,40000,true
CC,1000,1_m3_2xlarge,true,40000,true
CC,1000,3_c3_xlarge,true,40000,false
CC,1000,4_c3_xlarge,true,40000,true
CC,1000,2_c3_2xlarge,true,40000,true
CC,1000,3_m3_xlarge,true,40000,false
CC,1000,2_m3_2xlarge,true,40000,true
CC,1000,4_m3_xlarge,true,40000,true
CC,1000,3_c3_2xlarge,true,40000,true
CC,1000,4_c3_2xlarge,true,40000,true
CC,1000,3_m3_2xlarge,true,40000,true
CC,1000,4_m3_2xlarge,true,40000,true
CC,100,1_m3_medium,true,50000,false
CC,100,1_c3_large,true,50000,true
CC,100,1_m3_large,true,50000,true
CC,100,2_m3_medium,true,50000,true
CC,100,2_c3_large,true,50000,true
CC,100,1_c3_xlarge,true,50000,true
CC,100,3_m3_medium,true,50000,true
CC,100,2_m3_large,true,50000,true
CC,100,1_m3_xlarge,true,50000,true
CC,100,4_m3_medium,true,50000,true
CC,100,3_c3_large,true,50000,true
CC,100,2_c3_xlarge,true,50000,true
CC,100,3_m3_large,true,50000,true
CC,100,1_c3_2xlarge,true,50000,true
CC,100,4_c3_large,true,50000,true
CC,100,4_m3_large,true,50000,true
CC,100,2_m3_xlarge,true,50000,true
CC,100,1_m3_2xlarge,true,50000,true
CC,100,3_c3_xlarge,true,50000,true
CC,100,4_c3_xlarge,true,50000,true
CC,100,2_c3_2xlarge,true,50000,true
CC,100,3_m3_xlarge,true,50000,true
CC,100,2_m3_2xlarge,true,50000,true
CC,100,4_m3_xlarge,true,50000,true
CC,100,3_c3_2xlarge,true,50000,true
CC,100,4_c3_2xlarge,true,50000,true
CC,100,3_m3_2xlarge,true,50000,true
CC,100,4_m3_2xlarge,true,50000,true
CC,200,1_m3_medium,false,50000,false
CC,200,1_c3_large,true,50000,true
CC,200,1_m3_large,true,50000,true
CC,200,2_m3_medium,true,50000,true
CC,200,2_c3_large,true,50000,true
CC,200,1_c3_xlarge,true,50000,true
CC,200,3_m3_medium,true,50000,true
CC,200,2_m3_large,true,50000,true
CC,200,1_m3_xlarge,true,50000,true
CC,200,4_m3_medium,true,50000,true
CC,200,3_c3_large,true,50000,true
CC,200,2_c3_xlarge,true,50000,true
CC,200,3_m3_large,true,50000,true
CC,200,1_c3_2xlarge,true,50000,true
CC,200,4_c3_large,true,50000,true
CC,200,4_m3_large,true,50000,true
CC,200,2_m3_xlarge,true,50000,true
CC,200,1_m3_2xlarge,true,50000,true
CC,200,3_c3_xlarge,true,50000,true
CC,200,4_c3_xlarge,true,50000,true
CC,200,2_c3_2xlarge,true,50000,true
CC,200,3_m3_xlarge,true,50000,true
CC,200,2_m3_2xlarge,true,50000,true
CC,200,4_m3_xlarge,true,50000,true
CC,200,3_c3_2xlarge,true,50000,true
CC,200,4_c3_2xlarge,true,50000,true
CC,200,3_m3_2xlarge,true,50000,true
CC,200,4_m3_2xlarge,true,50000,true
CC,300,1_m3_medium,false,50000,false
CC,300,1_c3_large,true,50000,true
CC,300,1_m3_large,true,50000,true
CC,300,2_m3_medium,true,50000,false
CC,300,2_c3_large,true,50000,true
CC,300,1_c3_xlarge,true,50000,true
CC,300,3_m3_medium,true,50000,true
CC,300,2_m3_large,true,50000,true
CC,300,1_m3_xlarge,true,50000,true
CC,300,4_m3_medium,true,50000,true
CC,300,3_c3_large,true,50000,true
CC,300,2_c3_xlarge,true,50000,true
CC,300,3_m3_large,true,50000,true
CC,300,1_c3_2xlarge,true,50000,true
CC,300,4_c3_large,true,50000,true
CC,300,4_m3_large,true,50000,true
CC,300,2_m3_xlarge,true,50000,true
CC,300,1_m3_2xlarge,true,50000,true
CC,300,3_c3_xlarge,true,50000,true
CC,300,4_c3_xlarge,true,50000,true
CC,300,2_c3_2xlarge,true,50000,true
CC,300,3_m3_xlarge,true,50000,true
CC,300,2_m3_2xlarge,true,50000,true
CC,300,4_m3_xlarge,true,50000,true
CC,300,3_c3_2xlarge,true,50000,true
CC,300,4_c3_2xlarge,true,50000,true
CC,300,3_m3_2xlarge,true,50000,true
CC,300,4_m3_2xlarge,true,50000,true
CC,400,1_m3_medium,false,50000,true
CC,400,1_c3_large,true,50000,false
CC,400,1_m3_large,true,50000,false
CC,400,2_m3_medium,false,50000,false
CC,400,2_c3_large,true,50000,true
CC,400,1_c3_xlarge,true,50000,true
CC,400,3_m3_medium,true,50000,true
CC,400,2_m3_large,true,50000,true
CC,400,1_m3_xlarge,true,50000,true
CC,400,4_m3_medium,true,50000,true
CC,400,3_c3_large,true,50000,true
CC,400,2_c3_xlarge,true,50000,true
CC,400,3_m3_large,true,50000,true
CC,400,1_c3_2xlarge,true,50000,true
CC,400,4_c3_large,true,50000,true
CC,400,4_m3_large,true,50000,true
CC,400,2_m3_xlarge,true,50000,true
CC,400,1_m3_2xlarge,true,50000,true
CC,400,3_c3_xlarge,true,50000,true
CC,400,4_c3_xlarge,true,50000,true
CC,400,2_c3_2xlarge,true,50000,true
CC,400,3_m3_xlarge,true,50000,true
CC,400,2_m3_2xlarge,true,50000,true
CC,400,4_m3_xlarge,true,50000,true
CC,400,3_c3_2xlarge,true,50000,true
CC,400,4_c3_2xlarge,true,50000,true
CC,400,3_m3_2xlarge,true,50000,true
CC,400,4_m3_2xlarge,true,50000,true
CC,500,1_m3_medium,false,50000,true
CC,500,1_c3_large,true,50000,false
CC,500,1_m3_large,true,50000,false
CC,500,2_m3_medium,false,50000,true
CC,500,2_c3_large,true,50000,true
CC,500,1_c3_xlarge,true,50000,true
CC,500,3_m3_medium,true,50000,true
CC,500,2_m3_large,true,50000,true
CC,500,1_m3_xlarge,true,50000,true
CC,500,4_m3_medium,true,50000,true
CC,500,3_c3_large,true,50000,true
CC,500,2_c3_xlarge,true,50000,true
CC,500,3_m3_large,true,50000,true
CC,500,1_c3_2xlarge,true,50000,true
CC,500,4_c3_large,true,50000,true
CC,500,4_m3_large,true,50000,true
CC,500,2_m3_xlarge,true,50000,true
CC,500,1_m3_2xlarge,true,50000,true
CC,500,3_c3_xlarge,true,50000,true
CC,500,4_c3_xlarge,true,50000,true
CC,500,2_c3_2xlarge,true,50000,true
CC,500,3_m3_xlarge,true,50000,true
CC,500,2_m3_2xlarge,true,50000,true
CC,500,4_m3_xlarge,true,50000,true
CC,500,3_c3_2xlarge,true,50000,true
CC,500,4_c3_2xlarge,true,50000,true
CC,500,3_m3_2xlarge,true,50000,true
CC,500,4_m3_2xlarge,true,50000,true
CC,600,1_m3_medium,false,50000,true
CC,600,1_c3_large,false,50000,false
CC,600,1_m3_large,false,50000,true
CC,600,2_m3_medium,false,50000,true
CC,600,2_c3_large,true,50000,false
CC,600,1_c3_xlarge,true,50000,false
CC,600,3_m3_medium,false,50000,false
CC,600,2_m3_large,true,50000,false
CC,600,1_m3_xlarge,true,50000,false
CC,600,4_m3_medium,true,50000,false
CC,600,3_c3_large,true,50000,false
CC,600,2_c3_xlarge,true,50000,true
CC,600,3_m3_large,true,50000,false
CC,600,1_c3_2xlarge,true,50000,true
CC,600,4_c3_large,true,50000,true
CC,600,4_m3_large,true,50000,false
CC,600,2_m3_xlarge,true,50000,false
CC,600,1_m3_2xlarge,true,50000,false
CC,600,3_c3_xlarge,true,50000,false
CC,600,4_c3_xlarge,true,50000,true
CC,600,2_c3_2xlarge,true,50000,true
CC,600,3_m3_xlarge,true,50000,true
CC,600,2_m3_2xlarge,true,50000,true
CC,600,4_m3_xlarge,true,50000,true
CC,600,3_c3_2xlarge,true,50000,true
CC,600,4_c3_2xlarge,true,50000,true
CC,600,3_m3_2xlarge,true,50000,true
CC,600,4_m3_2xlarge,true,50000,true
CC,700,1_m3_medium,false,50000,true
CC,700,1_c3_large,false,50000,true
CC,700,1_m3_large,false,50000,true
CC,700,2_m3_medium,false,50000,true
CC,700,2_c3_large,true,50000,true
CC,700,1_c3_xlarge,true,50000,true
CC,700,3_m3_medium,false,50000,true
CC,700,2_m3_large,true,50000,true
CC,700,1_m3_xlarge,true,50000,true
CC,700,4_m3_medium,true,50000,false
CC,700,3_c3_large,true,50000,true
CC,700,2_c3_xlarge,true,50000,true
CC,700,3_m3_large,true,50000,true
CC,700,1_c3_2xlarge,true,50000,true
CC,700,4_c3_large,true,50000,true
CC,700,4_m3_large,true,50000,true
CC,700,2_m3_xlarge,true,50000,true
CC,700,1_m3_2xlarge,true,50000,true
CC,700,3_c3_xlarge,true,50000,true
CC,700,4_c3_xlarge,true,50000,true
CC,700,2_c3_2xlarge,true,50000,true
CC,700,3_m3_xlarge,true,50000,true
CC,700,2_m3_2xlarge,true,50000,true
CC,700,4_m3_xlarge,true,50000,true
CC,700,3_c3_2xlarge,true,50000,true
CC,700,4_c3_2xlarge,true,50000,true
CC,700,3_m3_2xlarge,true,50000,true
CC,700,4_m3_2xlarge,true,50000,true
CC,800,1_m3_medium,false,50000,true
CC,800,1_c3_large,false,50000,true
CC,800,1_m3_large,false,50000,true
CC,800,2_m3_medium,false,50000,true
CC,800,2_c3_large,true,50000,true
CC,800,1_c3_xlarge,true,50000,true
CC,800,3_m3_medium,false,50000,true
CC,800,2_m3_large,true,50000,true
CC,800,1_m3_xlarge,true,50000,true
CC,800,4_m3_medium,false,50000,false
CC,800,3_c3_large,true,50000,true
CC,800,2_c3_xlarge,true,50000,true
CC,800,3_m3_large,true,50000,true
CC,800,1_c3_2xlarge,true,50000,true
CC,800,4_c3_large,true,50000,true
CC,800,4_m3_large,true,50000,true
CC,800,2_m3_xlarge,true,50000,true
CC,800,1_m3_2xlarge,true,50000,true
CC,800,3_c3_xlarge,true,50000,true
CC,800,4_c3_xlarge,true,50000,true
CC,800,2_c3_2xlarge,true,50000,true
CC,800,3_m3_xlarge,true,50000,true
CC,800,2_m3_2xlarge,true,50000,true
CC,800,4_m3_xlarge,true,50000,true
CC,800,3_c3_2xlarge,true,50000,true
CC,800,4_c3_2xlarge,true,50000,true
CC,800,3_m3_2xlarge,true,50000,true
CC,800,4_m3_2xlarge,true,50000,true
CC,900,1_m3_medium,false,50000,true
CC,900,1_c3_large,false,50000,true
CC,900,1_m3_large,false,50000,true
CC,900,2_m3_medium,false,50000,true
CC,900,2_c3_large,true,50000,false
CC,900,1_c3_xlarge,true,50000,false
CC,900,3_m3_medium,false,50000,true
CC,900,2_m3_large,true,50000,false
CC,900,1_m3_xlarge,true,50000,false
CC,900,4_m3_medium,false,50000,false
CC,900,3_c3_large,true,50000,false
CC,900,2_c3_xlarge,true,50000,true
CC,900,3_m3_large,true,50000,true
CC,900,1_c3_2xlarge,true,50000,true
CC,900,4_c3_large,true,50000,true
CC,900,4_m3_large,true,50000,true
CC,900,2_m3_xlarge,true,50000,true
CC,900,1_m3_2xlarge,true,50000,true
CC,900,3_c3_xlarge,true,50000,false
CC,900,4_c3_xlarge,true,50000,true
CC,900,2_c3_2xlarge,true,50000,true
CC,900,3_m3_xlarge,true,50000,true
CC,900,2_m3_2xlarge,true,50000,true
CC,900,4_m3_xlarge,true,50000,true
CC,900,3_c3_2xlarge,true,50000,true
CC,900,4_c3_2xlarge,true,50000,true
CC,900,3_m3_2xlarge,true,50000,true
CC,900,4_m3_2xlarge,true,50000,true
CC,1000,1_m3_medium,false,50000,true
CC,1000,1_c3_large,false,50000,true
CC,1000,1_m3_large,false,50000,true
CC,1000,2_m3_medium,false,50000,true
CC,1000,2_c3_large,false,50000,false
CC,1000,1_c3_xlarge,true,50000,false
CC,1000,3_m3_medium,false,50000,true
CC,1000,2_m3_large,true,50000,false
CC,1000,1_m3_xlarge,true,50000,false
CC,1000,4_m3_medium,false,50000,true
CC,1000,3_c3_large,true,50000,true
CC,1000,2_c3_xlarge,true,50000,true
CC,1000,3_m3_large,true,50000,false
CC,1000,1_c3_2xlarge,true,50000,true
CC,1000,4_c3_large,true,50000,true
CC,1000,4_m3_large,true,50000,true
CC,1000,2_m3_xlarge,true,50000,true
CC,1000,1_m3_2xlarge,true,50000,true
CC,1000,3_c3_xlarge,true,50000,true
CC,1000,4_c3_xlarge,true,50000,true
CC,1000,2_c3_2xlarge,true,50000,true
CC,1000,3_m3_xlarge,true,50000,false
CC,1000,2_m3_2xlarge,true,50000,true
CC,1000,4_m3_xlarge,true,50000,true
CC,1000,3_c3_2xlarge,true,50000,true
CC,1000,4_c3_2xlarge,true,50000,true
CC,1000,3_m3_2xlarge,true,50000,true
CC,1000,4_m3_2xlarge,true,50000,true
CC,100,1_m3_medium,true,60000,true
CC,100,1_c3_large,true,60000,true
CC,100,1_m3_large,true,60000,true
CC,100,2_m3_medium,true,60000,true
CC,100,2_c3_large,true,60000,true
CC,100,1_c3_xlarge,true,60000,true
CC,100,3_m3_medium,true,60000,true
CC,100,2_m3_large,true,60000,true
CC,100,1_m3_xlarge,true,60000,true
CC,100,4_m3_medium,true,60000,true
CC,100,3_c3_large,true,60000,true
CC,100,2_c3_xlarge,true,60000,true
CC,100,3_m3_large,true,60000,true
CC,100,1_c3_2xlarge,true,60000,true
CC,100,4_c3_large,true,60000,true
CC,100,4_m3_large,true,60000,true
CC,100,2_m3_xlarge,true,60000,true
CC,100,1_m3_2xlarge,true,60000,true
CC,100,3_c3_xlarge,true,60000,true
CC,100,4_c3_xlarge,true,60000,true
CC,100,2_c3_2xlarge,true,60000,true
CC,100,3_m3_xlarge,true,60000,true
CC,100,2_m3_2xlarge,true,60000,true
CC,100,4_m3_xlarge,true,60000,true
CC,100,3_c3_2xlarge,true,60000,true
CC,100,4_c3_2xlarge,true,60000,true
CC,100,3_m3_2xlarge,true,60000,true
CC,100,4_m3_2xlarge,true,60000,true
CC,200,1_m3_medium,true,60000,false
CC,200,1_c3_large,true,60000,true
CC,200,1_m3_large,true,60000,true
CC,200,2_m3_medium,true,60000,true
CC,200,2_c3_large,true,60000,true
CC,200,1_c3_xlarge,true,60000,true
CC,200,3_m3_medium,true,60000,true
CC,200,2_m3_large,true,60000,true
CC,200,1_m3_xlarge,true,60000,true
CC,200,4_m3_medium,true,60000,true
CC,200,3_c3_large,true,60000,true
CC,200,2_c3_xlarge,true,60000,true
CC,200,3_m3_large,true,60000,true
CC,200,1_c3_2xlarge,true,60000,true
CC,200,4_c3_large,true,60000,true
CC,200,4_m3_large,true,60000,true
CC,200,2_m3_xlarge,true,60000,true
CC,200,1_m3_2xlarge,true,60000,true
CC,200,3_c3_xlarge,true,60000,true
CC,200,4_c3_xlarge,true,60000,true
CC,200,2_c3_2xlarge,true,60000,true
CC,200,3_m3_xlarge,true,60000,true
CC,200,2_m3_2xlarge,true,60000,true
CC,200,4_m3_xlarge,true,60000,true
CC,200,3_c3_2xlarge,true,60000,true
CC,200,4_c3_2xlarge,true,60000,true
CC,200,3_m3_2xlarge,true,60000,true
CC,200,4_m3_2xlarge,true,60000,true
CC,300,1_m3_medium,false,60000,false
CC,300,1_c3_large,true,60000,true
CC,300,1_m3_large,true,60000,true
CC,300,2_m3_medium,true,60000,true
CC,300,2_c3_large,true,60000,true
CC,300,1_c3_xlarge,true,60000,true
CC,300,3_m3_medium,true,60000,true
CC,300,2_m3_large,true,60000,true
CC,300,1_m3_xlarge,true,60000,true
CC,300,4_m3_medium,true,60000,true
CC,300,3_c3_large,true,60000,true
CC,300,2_c3_xlarge,true,60000,true
CC,300,3_m3_large,true,60000,true
CC,300,1_c3_2xlarge,true,60000,true
CC,300,4_c3_large,true,60000,true
CC,300,4_m3_large,true,60000,true
CC,300,2_m3_xlarge,true,60000,true
CC,300,1_m3_2xlarge,true,60000,true
CC,300,3_c3_xlarge,true,60000,true
CC,300,4_c3_xlarge,true,60000,true
CC,300,2_c3_2xlarge,true,60000,true
CC,300,3_m3_xlarge,true,60000,true
CC,300,2_m3_2xlarge,true,60000,true
CC,300,4_m3_xlarge,true,60000,true
CC,300,3_c3_2xlarge,true,60000,true
CC,300,4_c3_2xlarge,true,60000,true
CC,300,3_m3_2xlarge,true,60000,true
CC,300,4_m3_2xlarge,true,60000,true
CC,400,1_m3_medium,false,60000,false
CC,400,1_c3_large,true,60000,false
CC,400,1_m3_large,true,60000,true
CC,400,2_m3_medium,true,60000,false
CC,400,2_c3_large,true,60000,true
CC,400,1_c3_xlarge,true,60000,true
CC,400,3_m3_medium,true,60000,true
CC,400,2_m3_large,true,60000,true
CC,400,1_m3_xlarge,true,60000,true
CC,400,4_m3_medium,true,60000,true
CC,400,3_c3_large,true,60000,true
CC,400,2_c3_xlarge,true,60000,true
CC,400,3_m3_large,true,60000,true
CC,400,1_c3_2xlarge,true,60000,true
CC,400,4_c3_large,true,60000,true
CC,400,4_m3_large,true,60000,true
CC,400,2_m3_xlarge,true,60000,true
CC,400,1_m3_2xlarge,true,60000,true
CC,400,3_c3_xlarge,true,60000,true
CC,400,4_c3_xlarge,true,60000,true
CC,400,2_c3_2xlarge,true,60000,true
CC,400,3_m3_xlarge,true,60000,true
CC,400,2_m3_2xlarge,true,60000,true
CC,400,4_m3_xlarge,true,60000,true
CC,400,3_c3_2xlarge,true,60000,true
CC,400,4_c3_2xlarge,true,60000,true
CC,400,3_m3_2xlarge,true,60000,true
CC,400,4_m3_2xlarge,true,60000,true
CC,500,1_m3_medium,false,60000,true
CC,500,1_c3_large,true,60000,false
CC,500,1_m3_large,true,60000,true
CC,500,2_m3_medium,false,60000,false
CC,500,2_c3_large,true,60000,true
CC,500,1_c3_xlarge,true,60000,true
CC,500,3_m3_medium,true,60000,true
CC,500,2_m3_large,true,60000,true
CC,500,1_m3_xlarge,true,60000,true
CC,500,4_m3_medium,true,60000,true
CC,500,3_c3_large,true,60000,true
CC,500,2_c3_xlarge,true,60000,true
CC,500,3_m3_large,true,60000,true
CC,500,1_c3_2xlarge,true,60000,true
CC,500,4_c3_large,true,60000,true
CC,500,4_m3_large,true,60000,true
CC,500,2_m3_xlarge,true,60000,true
CC,500,1_m3_2xlarge,true,60000,true
CC,500,3_c3_xlarge,true,60000,true
CC,500,4_c3_xlarge,true,60000,true
CC,500,2_c3_2xlarge,true,60000,true
CC,500,3_m3_xlarge,true,60000,true
CC,500,2_m3_2xlarge,true,60000,true
CC,500,4_m3_xlarge,true,60000,true
CC,500,3_c3_2xlarge,true,60000,true
CC,500,4_c3_2xlarge,true,60000,true
CC,500,3_m3_2xlarge,true,60000,true
CC,500,4_m3_2xlarge,true,60000,true
CC,600,1_m3_medium,false,60000,true
CC,600,1_c3_large,false,60000,false
CC,600,1_m3_large,true,60000,false
CC,600,2_m3_medium,false,60000,false
CC,600,2_c3_large,true,60000,false
CC,600,1_c3_xlarge,true,60000,false
CC,600,3_m3_medium,true,60000,false
CC,600,2_m3_large,true,60000,true
CC,600,1_m3_xlarge,true,60000,true
CC,600,4_m3_medium,true,60000,true
CC,600,3_c3_large,true,60000,false
CC,600,2_c3_xlarge,true,60000,true
CC,600,3_m3_large,true,60000,true
CC,600,1_c3_2xlarge,true,60000,true
CC,600,4_c3_large,true,60000,true
CC,600,4_m3_large,true,60000,false
CC,600,2_m3_xlarge,true,60000,false
CC,600,1_m3_2xlarge,true,60000,false
CC,600,3_c3_xlarge,true,60000,false
CC,600,4_c3_xlarge,true,60000,true
CC,600,2_c3_2xlarge,true,60000,true
CC,600,3_m3_xlarge,true,60000,true
CC,600,2_m3_2xlarge,true,60000,true
CC,600,4_m3_xlarge,true,60000,true
CC,600,3_c3_2xlarge,true,60000,true
CC,600,4_c3_2xlarge,true,60000,true
CC,600,3_m3_2xlarge,true,60000,true
CC,600,4_m3_2xlarge,true,60000,true
CC,700,1_m3_medium,false,60000,true
CC,700,1_c3_large,false,60000,true
CC,700,1_m3_large,false,60000,true
CC,700,2_m3_medium,false,60000,true
CC,700,2_c3_large,true,60000,true
CC,700,1_c3_xlarge,true,60000,true
CC,700,3_m3_medium,false,60000,false
CC,700,2_m3_large,true,60000,true
CC,700,1_m3_xlarge,true,60000,true
CC,700,4_m3_medium,true,60000,false
CC,700,3_c3_large,true,60000,true
CC,700,2_c3_xlarge,true,60000,true
CC,700,3_m3_large,true,60000,true
CC,700,1_c3_2xlarge,true,60000,true
CC,700,4_c3_large,true,60000,true
CC,700,4_m3_large,true,60000,true
CC,700,2_m3_xlarge,true,60000,true
CC,700,1_m3_2xlarge,true,60000,true
CC,700,3_c3_xlarge,true,60000,true
CC,700,4_c3_xlarge,true,60000,true
CC,700,2_c3_2xlarge,true,60000,true
CC,700,3_m3_xlarge,true,60000,true
CC,700,2_m3_2xlarge,true,60000,true
CC,700,4_m3_xlarge,true,60000,true
CC,700,3_c3_2xlarge,true,60000,true
CC,700,4_c3_2xlarge,true,60000,true
CC,700,3_m3_2xlarge,true,60000,true
CC,700,4_m3_2xlarge,true,60000,true
CC,800,1_m3_medium,false,60000,true
CC,800,1_c3_large,false,60000,true
CC,800,1_m3_large,false,60000,true
CC,800,2_m3_medium,false,60000,true
CC,800,2_c3_large,true,60000,true
CC,800,1_c3_xlarge,true,60000,true
CC,800,3_m3_medium,false,60000,true
CC,800,2_m3_large,true,60000,true
CC,800,1_m3_xlarge,true,60000,true
CC,800,4_m3_medium,true,60000,false
CC,800,3_c3_large,true,60000,true
CC,800,2_c3_xlarge,true,60000,true
CC,800,3_m3_large,true,60000,true
CC,800,1_c3_2xlarge,true,60000,true
CC,800,4_c3_large,true,60000,true
CC,800,4_m3_large,true,60000,true
CC,800,2_m3_xlarge,true,60000,true
CC,800,1_m3_2xlarge,true,60000,true
CC,800,3_c3_xlarge,true,60000,true
CC,800,4_c3_xlarge,true,60000,true
CC,800,2_c3_2xlarge,true,60000,true
CC,800,3_m3_xlarge,true,60000,true
CC,800,2_m3_2xlarge,true,60000,true
CC,800,4_m3_xlarge,true,60000,true
CC,800,3_c3_2xlarge,true,60000,true
CC,800,4_c3_2xlarge,true,60000,true
CC,800,3_m3_2xlarge,true,60000,true
CC,800,4_m3_2xlarge,true,60000,true
CC,900,1_m3_medium,false,60000,true
CC,900,1_c3_large,false,60000,true
CC,900,1_m3_large,false,60000,false
CC,900,2_m3_medium,false,60000,true
CC,900,2_c3_large,true,60000,false
CC,900,1_c3_xlarge,true,60000,false
CC,900,3_m3_medium,false,60000,true
CC,900,2_m3_large,true,60000,false
CC,900,1_m3_xlarge,true,60000,false
CC,900,4_m3_medium,false,60000,false
CC,900,3_c3_large,true,60000,false
CC,900,2_c3_xlarge,true,60000,true
CC,900,3_m3_large,true,60000,false
CC,900,1_c3_2xlarge,true,60000,true
CC,900,4_c3_large,true,60000,true
CC,900,4_m3_large,true,60000,true
CC,900,2_m3_xlarge,true,60000,true
CC,900,1_m3_2xlarge,true,60000,true
CC,900,3_c3_xlarge,true,60000,false
CC,900,4_c3_xlarge,true,60000,true
CC,900,2_c3_2xlarge,true,60000,true
CC,900,3_m3_xlarge,true,60000,false
CC,900,2_m3_2xlarge,true,60000,true
CC,900,4_m3_xlarge,true,60000,true
CC,900,3_c3_2xlarge,true,60000,true
CC,900,4_c3_2xlarge,true,60000,true
CC,900,3_m3_2xlarge,true,60000,true
CC,900,4_m3_2xlarge,true,60000,true
CC,1000,1_m3_medium,false,60000,true
CC,1000,1_c3_large,false,60000,true
CC,1000,1_m3_large,false,60000,true
CC,1000,2_m3_medium,false,60000,true
CC,1000,2_c3_large,true,60000,false
CC,1000,1_c3_xlarge,true,60000,false
CC,1000,3_m3_medium,false,60000,true
CC,1000,2_m3_large,true,60000,false
CC,1000,1_m3_xlarge,true,60000,false
CC,1000,4_m3_medium,false,60000,true
CC,1000,3_c3_large,true,60000,true
CC,1000,2_c3_xlarge,true,60000,true
CC,1000,3_m3_large,true,60000,false
CC,1000,1_c3_2xlarge,true,60000,true
CC,1000,4_c3_large,true,60000,true
CC,1000,4_m3_large,true,60000,true
CC,1000,2_m3_xlarge,true,60000,true
CC,1000,1_m3_2xlarge,true,60000,true
CC,1000,3_c3_xlarge,true,60000,true
CC,1000,4_c3_xlarge,true,60000,true
CC,1000,2_c3_2xlarge,true,60000,true
CC,1000,3_m3_xlarge,true,60000,false
CC,1000,2_m3_2xlarge,true,60000,true
CC,1000,4_m3_xlarge,true,60000,true
CC,1000,3_c3_2xlarge,true,60000,true
CC,1000,4_c3_2xlarge,true,60000,true
CC,1000,3_m3_2xlarge,true,60000,true
CC,1000,4_m3_2xlarge,true,60000,true
CC,100,1_m3_medium,true,70000,true
CC,100,1_c3_large,true,70000,true
CC,100,1_m3_large,true,70000,true
CC,100,2_m3_medium,true,70000,true
CC,100,2_c3_large,true,70000,true
CC,100,1_c3_xlarge,true,70000,true
CC,100,3_m3_medium,true,70000,true
CC,100,2_m3_large,true,70000,true
CC,100,1_m3_xlarge,true,70000,true
CC,100,4_m3_medium,true,70000,true
CC,100,3_c3_large,true,70000,true
CC,100,2_c3_xlarge,true,70000,true
CC,100,3_m3_large,true,70000,true
CC,100,1_c3_2xlarge,true,70000,true
CC,100,4_c3_large,true,70000,true
CC,100,4_m3_large,true,70000,true
CC,100,2_m3_xlarge,true,70000,true
CC,100,1_m3_2xlarge,true,70000,true
CC,100,3_c3_xlarge,true,70000,true
CC,100,4_c3_xlarge,true,70000,true
CC,100,2_c3_2xlarge,true,70000,true
CC,100,3_m3_xlarge,true,70000,true
CC,100,2_m3_2xlarge,true,70000,true
CC,100,4_m3_xlarge,true,70000,true
CC,100,3_c3_2xlarge,true,70000,true
CC,100,4_c3_2xlarge,true,70000,true
CC,100,3_m3_2xlarge,true,70000,true
CC,100,4_m3_2xlarge,true,70000,true
CC,200,1_m3_medium,true,70000,false
CC,200,1_c3_large,true,70000,true
CC,200,1_m3_large,true,70000,true
CC,200,2_m3_medium,true,70000,true
CC,200,2_c3_large,true,70000,true
CC,200,1_c3_xlarge,true,70000,true
CC,200,3_m3_medium,true,70000,true
CC,200,2_m3_large,true,70000,true
CC,200,1_m3_xlarge,true,70000,true
CC,200,4_m3_medium,true,70000,true
CC,200,3_c3_large,true,70000,true
CC,200,2_c3_xlarge,true,70000,true
CC,200,3_m3_large,true,70000,true
CC,200,1_c3_2xlarge,true,70000,true
CC,200,4_c3_large,true,70000,true
CC,200,4_m3_large,true,70000,true
CC,200,2_m3_xlarge,true,70000,true
CC,200,1_m3_2xlarge,true,70000,true
CC,200,3_c3_xlarge,true,70000,true
CC,200,4_c3_xlarge,true,70000,true
CC,200,2_c3_2xlarge,true,70000,true
CC,200,3_m3_xlarge,true,70000,true
CC,200,2_m3_2xlarge,true,70000,true
CC,200,4_m3_xlarge,true,70000,true
CC,200,3_c3_2xlarge,true,70000,true
CC,200,4_c3_2xlarge,true,70000,true
CC,200,3_m3_2xlarge,true,70000,true
CC,200,4_m3_2xlarge,true,70000,true
CC,300,1_m3_medium,false,70000,false
CC,300,1_c3_large,true,70000,true
CC,300,1_m3_large,true,70000,true
CC,300,2_m3_medium,true,70000,true
CC,300,2_c3_large,true,70000,true
CC,300,1_c3_xlarge,true,70000,true
CC,300,3_m3_medium,true,70000,true
CC,300,2_m3_large,true,70000,true
CC,300,1_m3_xlarge,true,70000,true
CC,300,4_m3_medium,true,70000,true
CC,300,3_c3_large,true,70000,true
CC,300,2_c3_xlarge,true,70000,true
CC,300,3_m3_large,true,70000,true
CC,300,1_c3_2xlarge,true,70000,true
CC,300,4_c3_large,true,70000,true
CC,300,4_m3_large,true,70000,true
CC,300,2_m3_xlarge,true,70000,true
CC,300,1_m3_2xlarge,true,70000,true
CC,300,3_c3_xlarge,true,70000,true
CC,300,4_c3_xlarge,true,70000,true
CC,300,2_c3_2xlarge,true,70000,true
CC,300,3_m3_xlarge,true,70000,true
CC,300,2_m3_2xlarge,true,70000,true
CC,300,4_m3_xlarge,true,70000,true
CC,300,3_c3_2xlarge,true,70000,true
CC,300,4_c3_2xlarge,true,70000,true
CC,300,3_m3_2xlarge,true,70000,true
CC,300,4_m3_2xlarge,true,70000,true
CC,400,1_m3_medium,false,70000,false
CC,400,1_c3_large,true,70000,true
CC,400,1_m3_large,true,70000,true
CC,400,2_m3_medium,true,70000,false
CC,400,2_c3_large,true,70000,true
CC,400,1_c3_xlarge,true,70000,true
CC,400,3_m3_medium,true,70000,true
CC,400,2_m3_large,true,70000,true
CC,400,1_m3_xlarge,true,70000,true
CC,400,4_m3_medium,true,70000,true
CC,400,3_c3_large,true,70000,true
CC,400,2_c3_xlarge,true,70000,true
CC,400,3_m3_large,true,70000,true
CC,400,1_c3_2xlarge,true,70000,true
CC,400,4_c3_large,true,70000,true
CC,400,4_m3_large,true,70000,true
CC,400,2_m3_xlarge,true,70000,true
CC,400,1_m3_2xlarge,true,70000,true
CC,400,3_c3_xlarge,true,70000,true
CC,400,4_c3_xlarge,true,70000,true
CC,400,2_c3_2xlarge,true,70000,true
CC,400,3_m3_xlarge,true,70000,true
CC,400,2_m3_2xlarge,true,70000,true
CC,400,4_m3_xlarge,true,70000,true
CC,400,3_c3_2xlarge,true,70000,true
CC,400,4_c3_2xlarge,true,70000,true
CC,400,3_m3_2xlarge,true,70000,true
CC,400,4_m3_2xlarge,true,70000,true
CC,500,1_m3_medium,false,70000,true
CC,500,1_c3_large,true,70000,true
CC,500,1_m3_large,true,70000,true
CC,500,2_m3_medium,true,70000,false
CC,500,2_c3_large,true,70000,true
CC,500,1_c3_xlarge,true,70000,true
CC,500,3_m3_medium,true,70000,true
CC,500,2_m3_large,true,70000,true
CC,500,1_m3_xlarge,true,70000,true
CC,500,4_m3_medium,true,70000,true
CC,500,3_c3_large,true,70000,true
CC,500,2_c3_xlarge,true,70000,true
CC,500,3_m3_large,true,70000,true
CC,500,1_c3_2xlarge,true,70000,true
CC,500,4_c3_large,true,70000,true
CC,500,4_m3_large,true,70000,true
CC,500,2_m3_xlarge,true,70000,true
CC,500,1_m3_2xlarge,true,70000,true
CC,500,3_c3_xlarge,true,70000,true
CC,500,4_c3_xlarge,true,70000,true
CC,500,2_c3_2xlarge,true,70000,true
CC,500,3_m3_xlarge,true,70000,true
CC,500,2_m3_2xlarge,true,70000,true
CC,500,4_m3_xlarge,true,70000,true
CC,500,3_c3_2xlarge,true,70000,true
CC,500,4_c3_2xlarge,true,70000,true
CC,500,3_m3_2xlarge,true,70000,true
CC,500,4_m3_2xlarge,true,70000,true
CC,600,1_m3_medium,false,70000,true
CC,600,1_c3_large,true,70000,false
CC,600,1_m3_large,true,70000,false
CC,600,2_m3_medium,false,70000,false
CC,600,2_c3_large,true,70000,false
CC,600,1_c3_xlarge,true,70000,false
CC,600,3_m3_medium,true,70000,false
CC,600,2_m3_large,true,70000,true
CC,600,1_m3_xlarge,true,70000,true
CC,600,4_m3_medium,true,70000,true
CC,600,3_c3_large,true,70000,false
CC,600,2_c3_xlarge,true,70000,true
CC,600,3_m3_large,true,70000,true
CC,600,1_c3_2xlarge,true,70000,true
CC,600,4_c3_large,true,70000,true
CC,600,4_m3_large,true,70000,false
CC,600,2_m3_xlarge,true,70000,false
CC,600,1_m3_2xlarge,true,70000,false
CC,600,3_c3_xlarge,true,70000,false
CC,600,4_c3_xlarge,true,70000,true
CC,600,2_c3_2xlarge,true,70000,true
CC,600,3_m3_xlarge,true,70000,true
CC,600,2_m3_2xlarge,true,70000,true
CC,600,4_m3_xlarge,true,70000,true
CC,600,3_c3_2xlarge,true,70000,true
CC,600,4_c3_2xlarge,true,70000,true
CC,600,3_m3_2xlarge,true,70000,true
CC,600,4_m3_2xlarge,true,70000,true
CC,700,1_m3_medium,false,70000,true
CC,700,1_c3_large,false,70000,false
CC,700,1_m3_large,true,70000,false
CC,700,2_m3_medium,false,70000,true
CC,700,2_c3_large,true,70000,true
CC,700,1_c3_xlarge,true,70000,true
CC,700,3_m3_medium,true,70000,false
CC,700,2_m3_large,true,70000,true
CC,700,1_m3_xlarge,true,70000,true
CC,700,4_m3_medium,true,70000,true
CC,700,3_c3_large,true,70000,true
CC,700,2_c3_xlarge,true,70000,true
CC,700,3_m3_large,true,70000,true
CC,700,1_c3_2xlarge,true,70000,true
CC,700,4_c3_large,true,70000,true
CC,700,4_m3_large,true,70000,true
CC,700,2_m3_xlarge,true,70000,true
CC,700,1_m3_2xlarge,true,70000,true
CC,700,3_c3_xlarge,true,70000,true
CC,700,4_c3_xlarge,true,70000,true
CC,700,2_c3_2xlarge,true,70000,true
CC,700,3_m3_xlarge,true,70000,true
CC,700,2_m3_2xlarge,true,70000,true
CC,700,4_m3_xlarge,true,70000,true
CC,700,3_c3_2xlarge,true,70000,true
CC,700,4_c3_2xlarge,true,70000,true
CC,700,3_m3_2xlarge,true,70000,true
CC,700,4_m3_2xlarge,true,70000,true
CC,800,1_m3_medium,false,70000,true
CC,800,1_c3_large,false,70000,false
CC,800,1_m3_large,false,70000,true
CC,800,2_m3_medium,false,70000,true
CC,800,2_c3_large,true,70000,true
CC,800,1_c3_xlarge,true,70000,true
CC,800,3_m3_medium,false,70000,false
CC,800,2_m3_large,true,70000,true
CC,800,1_m3_xlarge,true,70000,true
CC,800,4_m3_medium,true,70000,true
CC,800,3_c3_large,true,70000,true
CC,800,2_c3_xlarge,true,70000,true
CC,800,3_m3_large,true,70000,true
CC,800,1_c3_2xlarge,true,70000,true
CC,800,4_c3_large,true,70000,true
CC,800,4_m3_large,true,70000,true
CC,800,2_m3_xlarge,true,70000,true
CC,800,1_m3_2xlarge,true,70000,true
CC,800,3_c3_xlarge,true,70000,true
CC,800,4_c3_xlarge,true,70000,true
CC,800,2_c3_2xlarge,true,70000,true
CC,800,3_m3_xlarge,true,70000,true
CC,800,2_m3_2xlarge,true,70000,true
CC,800,4_m3_xlarge,true,70000,true
CC,800,3_c3_2xlarge,true,70000,true
CC,800,4_c3_2xlarge,true,70000,true
CC,800,3_m3_2xlarge,true,70000,true
CC,800,4_m3_2xlarge,true,70000,true
CC,900,1_m3_medium,false,70000,true
CC,900,1_c3_large,false,70000,false
CC,900,1_m3_large,false,70000,false
CC,900,2_m3_medium,false,70000,true
CC,900,2_c3_large,true,70000,false
CC,900,1_c3_xlarge,true,70000,false
CC,900,3_m3_medium,false,70000,false
CC,900,2_m3_large,true,70000,false
CC,900,1_m3_xlarge,true,70000,false
CC,900,4_m3_medium,true,70000,false
CC,900,3_c3_large,true,70000,false
CC,900,2_c3_xlarge,true,70000,true
CC,900,3_m3_large,true,70000,false
CC,900,1_c3_2xlarge,true,70000,true
CC,900,4_c3_large,true,70000,true
CC,900,4_m3_large,true,70000,true
CC,900,2_m3_xlarge,true,70000,true
CC,900,1_m3_2xlarge,true,70000,true
CC,900,3_c3_xlarge,true,70000,false
CC,900,4_c3_xlarge,true,70000,true
CC,900,2_c3_2xlarge,true,70000,true
CC,900,3_m3_xlarge,true,70000,false
CC,900,2_m3_2xlarge,true,70000,true
CC,900,4_m3_xlarge,true,70000,true
CC,900,3_c3_2xlarge,true,70000,true
CC,900,4_c3_2xlarge,true,70000,true
CC,900,3_m3_2xlarge,true,70000,true
CC,900,4_m3_2xlarge,true,70000,true
CC,1000,1_m3_medium,false,70000,true
CC,1000,1_c3_large,false,70000,true
CC,1000,1_m3_large,false,70000,true
CC,1000,2_m3_medium,false,70000,true
CC,1000,2_c3_large,true,70000,false
CC,1000,1_c3_xlarge,true,70000,false
CC,1000,3_m3_medium,false,70000,true
CC,1000,2_m3_large,true,70000,false
CC,1000,1_m3_xlarge,true,70000,false
CC,1000,4_m3_medium,true,70000,false
CC,1000,3_c3_large,true,70000,false
CC,1000,2_c3_xlarge,true,70000,true
CC,1000,3_m3_large,true,70000,false
CC,1000,1_c3_2xlarge,true,70000,true
CC,1000,4_c3_large,true,70000,true
CC,1000,4_m3_large,true,70000,true
CC,1000,2_m3_xlarge,true,70000,true
CC,1000,1_m3_2xlarge,true,70000,true
CC,1000,3_c3_xlarge,true,70000,false
CC,1000,4_c3_xlarge,true,70000,true
CC,1000,2_c3_2xlarge,true,70000,true
CC,1000,3_m3_xlarge,true,70000,false
CC,1000,2_m3_2xlarge,true,70000,true
CC,1000,4_m3_xlarge,true,70000,true
CC,1000,3_c3_2xlarge,true,70000,true
CC,1000,4_c3_2xlarge,true,70000,true
CC,1000,3_m3_2xlarge,true,70000,true
CC,1000,4_m3_2xlarge,true,70000,true
CC,100,1_m3_medium,true,80000,true
CC,100,1_c3_large,true,80000,true
CC,100,1_m3_large,true,80000,true
CC,100,2_m3_medium,true,80000,true
CC,100,2_c3_large,true,80000,true
CC,100,1_c3_xlarge,true,80000,true
CC,100,3_m3_medium,true,80000,true
CC,100,2_m3_large,true,80000,true
CC,100,1_m3_xlarge,true,80000,true
CC,100,4_m3_medium,true,80000,true
CC,100,3_c3_large,true,80000,true
CC,100,2_c3_xlarge,true,80000,true
CC,100,3_m3_large,true,80000,true
CC,100,1_c3_2xlarge,true,80000,true
CC,100,4_c3_large,true,80000,true
CC,100,4_m3_large,true,80000,true
CC,100,2_m3_xlarge,true,80000,true
CC,100,1_m3_2xlarge,true,80000,true
CC,100,3_c3_xlarge,true,80000,true
CC,100,4_c3_xlarge,true,80000,true
CC,100,2_c3_2xlarge,true,80000,true
CC,100,3_m3_xlarge,true,80000,true
CC,100,2_m3_2xlarge,true,80000,true
CC,100,4_m3_xlarge,true,80000,true
CC,100,3_c3_2xlarge,true,80000,true
CC,100,4_c3_2xlarge,true,80000,true
CC,100,3_m3_2xlarge,true,80000,true
CC,100,4_m3_2xlarge,true,80000,true
CC,200,1_m3_medium,true,80000,false
CC,200,1_c3_large,true,80000,true
CC,200,1_m3_large,true,80000,true
CC,200,2_m3_medium,true,80000,true
CC,200,2_c3_large,true,80000,true
CC,200,1_c3_xlarge,true,80000,true
CC,200,3_m3_medium,true,80000,true
CC,200,2_m3_large,true,80000,true
CC,200,1_m3_xlarge,true,80000,true
CC,200,4_m3_medium,true,80000,true
CC,200,3_c3_large,true,80000,true
CC,200,2_c3_xlarge,true,80000,true
CC,200,3_m3_large,true,80000,true
CC,200,1_c3_2xlarge,true,80000,true
CC,200,4_c3_large,true,80000,true
CC,200,4_m3_large,true,80000,true
CC,200,2_m3_xlarge,true,80000,true
CC,200,1_m3_2xlarge,true,80000,true
CC,200,3_c3_xlarge,true,80000,true
CC,200,4_c3_xlarge,true,80000,true
CC,200,2_c3_2xlarge,true,80000,true
CC,200,3_m3_xlarge,true,80000,true
CC,200,2_m3_2xlarge,true,80000,true
CC,200,4_m3_xlarge,true,80000,true
CC,200,3_c3_2xlarge,true,80000,true
CC,200,4_c3_2xlarge,true,80000,true
CC,200,3_m3_2xlarge,true,80000,true
CC,200,4_m3_2xlarge,true,80000,true
CC,300,1_m3_medium,false,80000,false
CC,300,1_c3_large,true,80000,true
CC,300,1_m3_large,true,80000,true
CC,300,2_m3_medium,true,80000,true
CC,300,2_c3_large,true,80000,true
CC,300,1_c3_xlarge,true,80000,true
CC,300,3_m3_medium,true,80000,true
CC,300,2_m3_large,true,80000,true
CC,300,1_m3_xlarge,true,80000,true
CC,300,4_m3_medium,true,80000,true
CC,300,3_c3_large,true,80000,true
CC,300,2_c3_xlarge,true,80000,true
CC,300,3_m3_large,true,80000,true
CC,300,1_c3_2xlarge,true,80000,true
CC,300,4_c3_large,true,80000,true
CC,300,4_m3_large,true,80000,true
CC,300,2_m3_xlarge,true,80000,true
CC,300,1_m3_2xlarge,true,80000,true
CC,300,3_c3_xlarge,true,80000,true
CC,300,4_c3_xlarge,true,80000,true
CC,300,2_c3_2xlarge,true,80000,true
CC,300,3_m3_xlarge,true,80000,true
CC,300,2_m3_2xlarge,true,80000,true
CC,300,4_m3_xlarge,true,80000,true
CC,300,3_c3_2xlarge,true,80000,true
CC,300,4_c3_2xlarge,true,80000,true
CC,300,3_m3_2xlarge,true,80000,true
CC,300,4_m3_2xlarge,true,80000,true
CC,400,1_m3_medium,false,80000,false
CC,400,1_c3_large,true,80000,true
CC,400,1_m3_large,true,80000,true
CC,400,2_m3_medium,true,80000,false
CC,400,2_c3_large,true,80000,true
CC,400,1_c3_xlarge,true,80000,true
CC,400,3_m3_medium,true,80000,true
CC,400,2_m3_large,true,80000,true
CC,400,1_m3_xlarge,true,80000,true
CC,400,4_m3_medium,true,80000,true
CC,400,3_c3_large,true,80000,true
CC,400,2_c3_xlarge,true,80000,true
CC,400,3_m3_large,true,80000,true
CC,400,1_c3_2xlarge,true,80000,true
CC,400,4_c3_large,true,80000,true
CC,400,4_m3_large,true,80000,true
CC,400,2_m3_xlarge,true,80000,true
CC,400,1_m3_2xlarge,true,80000,true
CC,400,3_c3_xlarge,true,80000,true
CC,400,4_c3_xlarge,true,80000,true
CC,400,2_c3_2xlarge,true,80000,true
CC,400,3_m3_xlarge,true,80000,true
CC,400,2_m3_2xlarge,true,80000,true
CC,400,4_m3_xlarge,true,80000,true
CC,400,3_c3_2xlarge,true,80000,true
CC,400,4_c3_2xlarge,true,80000,true
CC,400,3_m3_2xlarge,true,80000,true
CC,400,4_m3_2xlarge,true,80000,true
CC,500,1_m3_medium,false,80000,true
CC,500,1_c3_large,true,80000,true
CC,500,1_m3_large,true,80000,true
CC,500,2_m3_medium,true,80000,false
CC,500,2_c3_large,true,80000,true
CC,500,1_c3_xlarge,true,80000,true
CC,500,3_m3_medium,true,80000,true
CC,500,2_m3_large,true,80000,true
CC,500,1_m3_xlarge,true,80000,true
CC,500,4_m3_medium,true,80000,true
CC,500,3_c3_large,true,80000,true
CC,500,2_c3_xlarge,true,80000,true
CC,500,3_m3_large,true,80000,true
CC,500,1_c3_2xlarge,true,80000,true
CC,500,4_c3_large,true,80000,true
CC,500,4_m3_large,true,80000,true
CC,500,2_m3_xlarge,true,80000,true
CC,500,1_m3_2xlarge,true,80000,true
CC,500,3_c3_xlarge,true,80000,true
CC,500,4_c3_xlarge,true,80000,true
CC,500,2_c3_2xlarge,true,80000,true
CC,500,3_m3_xlarge,true,80000,true
CC,500,2_m3_2xlarge,true,80000,true
CC,500,4_m3_xlarge,true,80000,true
CC,500,3_c3_2xlarge,true,80000,true
CC,500,4_c3_2xlarge,true,80000,true
CC,500,3_m3_2xlarge,true,80000,true
CC,500,4_m3_2xlarge,true,80000,true
CC,600,1_m3_medium,false,80000,true
CC,600,1_c3_large,true,80000,false
CC,600,1_m3_large,true,80000,false
CC,600,2_m3_medium,false,80000,false
CC,600,2_c3_large,true,80000,false
CC,600,1_c3_xlarge,true,80000,false
CC,600,3_m3_medium,true,80000,false
CC,600,2_m3_large,true,80000,true
CC,600,1_m3_xlarge,true,80000,true
CC,600,4_m3_medium,true,80000,true
CC,600,3_c3_large,true,80000,false
CC,600,2_c3_xlarge,true,80000,true
CC,600,3_m3_large,true,80000,true
CC,600,1_c3_2xlarge,true,80000,true
CC,600,4_c3_large,true,80000,true
CC,600,4_m3_large,true,80000,false
CC,600,2_m3_xlarge,true,80000,false
CC,600,1_m3_2xlarge,true,80000,false
CC,600,3_c3_xlarge,true,80000,false
CC,600,4_c3_xlarge,true,80000,true
CC,600,2_c3_2xlarge,true,80000,true
CC,600,3_m3_xlarge,true,80000,true
CC,600,2_m3_2xlarge,true,80000,true
CC,600,4_m3_xlarge,true,80000,true
CC,600,3_c3_2xlarge,true,80000,true
CC,600,4_c3_2xlarge,true,80000,true
CC,600,3_m3_2xlarge,true,80000,true
CC,600,4_m3_2xlarge,true,80000,true
CC,700,1_m3_medium,false,80000,true
CC,700,1_c3_large,false,80000,false
CC,700,1_m3_large,true,80000,false
CC,700,2_m3_medium,false,80000,true
CC,700,2_c3_large,true,80000,true
CC,700,1_c3_xlarge,true,80000,true
CC,700,3_m3_medium,true,80000,true
CC,700,2_m3_large,true,80000,true
CC,700,1_m3_xlarge,true,80000,true
CC,700,4_m3_medium,true,80000,true
CC,700,3_c3_large,true,80000,true
CC,700,2_c3_xlarge,true,80000,true
CC,700,3_m3_large,true,80000,true
CC,700,1_c3_2xlarge,true,80000,true
CC,700,4_c3_large,true,80000,true
CC,700,4_m3_large,true,80000,true
CC,700,2_m3_xlarge,true,80000,true
CC,700,1_m3_2xlarge,true,80000,true
CC,700,3_c3_xlarge,true,80000,true
CC,700,4_c3_xlarge,true,80000,true
CC,700,2_c3_2xlarge,true,80000,true
CC,700,3_m3_xlarge,true,80000,true
CC,700,2_m3_2xlarge,true,80000,true
CC,700,4_m3_xlarge,true,80000,true
CC,700,3_c3_2xlarge,true,80000,true
CC,700,4_c3_2xlarge,true,80000,true
CC,700,3_m3_2xlarge,true,80000,true
CC,700,4_m3_2xlarge,true,80000,true
CC,800,1_m3_medium,false,80000,true
CC,800,1_c3_large,false,80000,false
CC,800,1_m3_large,false,80000,false
CC,800,2_m3_medium,false,80000,true
CC,800,2_c3_large,true,80000,true
CC,800,1_c3_xlarge,true,80000,true
CC,800,3_m3_medium,true,80000,false
CC,800,2_m3_large,true,80000,true
CC,800,1_m3_xlarge,true,80000,true
CC,800,4_m3_medium,true,80000,true
CC,800,3_c3_large,true,80000,true
CC,800,2_c3_xlarge,true,80000,true
CC,800,3_m3_large,true,80000,true
CC,800,1_c3_2xlarge,true,80000,true
CC,800,4_c3_large,true,80000,true
CC,800,4_m3_large,true,80000,true
CC,800,2_m3_xlarge,true,80000,true
CC,800,1_m3_2xlarge,true,80000,true
CC,800,3_c3_xlarge,true,80000,true
CC,800,4_c3_xlarge,true,80000,true
CC,800,2_c3_2xlarge,true,80000,true
CC,800,3_m3_xlarge,true,80000,true
CC,800,2_m3_2xlarge,true,80000,true
CC,800,4_m3_xlarge,true,80000,true
CC,800,3_c3_2xlarge,true,80000,true
CC,800,4_c3_2xlarge,true,80000,true
CC,800,3_m3_2xlarge,true,80000,true
CC,800,4_m3_2xlarge,true,80000,true
CC,900,1_m3_medium,false,80000,true
CC,900,1_c3_large,false,80000,false
CC,900,1_m3_large,false,80000,false
CC,900,2_m3_medium,false,80000,true
CC,900,2_c3_large,true,80000,false
CC,900,1_c3_xlarge,true,80000,false
CC,900,3_m3_medium,false,80000,false
CC,900,2_m3_large,true,80000,false
CC,900,1_m3_xlarge,true,80000,false
CC,900,4_m3_medium,true,80000,false
CC,900,3_c3_large,true,80000,false
CC,900,2_c3_xlarge,true,80000,true
CC,900,3_m3_large,true,80000,false
CC,900,1_c3_2xlarge,true,80000,true
CC,900,4_c3_large,true,80000,true
CC,900,4_m3_large,true,80000,true
CC,900,2_m3_xlarge,true,80000,true
CC,900,1_m3_2xlarge,true,80000,true
CC,900,3_c3_xlarge,true,80000,false
CC,900,4_c3_xlarge,true,80000,true
CC,900,2_c3_2xlarge,true,80000,true
CC,900,3_m3_xlarge,true,80000,false
CC,900,2_m3_2xlarge,true,80000,true
CC,900,4_m3_xlarge,true,80000,true
CC,900,3_c3_2xlarge,true,80000,true
CC,900,4_c3_2xlarge,true,80000,true
CC,900,3_m3_2xlarge,true,80000,true
CC,900,4_m3_2xlarge,true,80000,true
CC,1000,1_m3_medium,false,80000,true
CC,1000,1_c3_large,false,80000,true
CC,1000,1_m3_large,false,80000,true
CC,1000,2_m3_medium,false,80000,true
CC,1000,2_c3_large,true,80000,false
CC,1000,1_c3_xlarge,true,80000,false
CC,1000,3_m3_medium,false,80000,true
CC,1000,2_m3_large,true,80000,false
CC,1000,1_m3_xlarge,true,80000,false
CC,1000,4_m3_medium,true,80000,false
CC,1000,3_c3_large,true,80000,false
CC,1000,2_c3_xlarge,true,80000,true
CC,1000,3_m3_large,true,80000,false
CC,1000,1_c3_2xlarge,true,80000,true
CC,1000,4_c3_large,true,80000,true
CC,1000,4_m3_large,true,80000,true
CC,1000,2_m3_xlarge,true,80000,true
CC,1000,1_m3_2xlarge,true,80000,true
CC,1000,3_c3_xlarge,true,80000,false
CC,1000,4_c3_xlarge,true,80000,true
CC,1000,2_c3_2xlarge,true,80000,true
CC,1000,3_m3_xlarge,true,80000,false
CC,1000,2_m3_2xlarge,true,80000,true
CC,1000,4_m3_xlarge,true,80000,true
CC,1000,3_c3_2xlarge,true,80000,true
CC,1000,4_c3_2xlarge,true,80000,true
CC,1000,3_m3_2xlarge,true,80000,true
CC,1000,4_m3_2xlarge,true,80000,true
CC,100,1_m3_medium,true,90000,true
CC,100,1_c3_large,true,90000,true
CC,100,1_m3_large,true,90000,true
CC,100,2_m3_medium,true,90000,true
CC,100,2_c3_large,true,90000,true
CC,100,1_c3_xlarge,true,90000,true
CC,100,3_m3_medium,true,90000,true
CC,100,2_m3_large,true,90000,true
CC,100,1_m3_xlarge,true,90000,true
CC,100,4_m3_medium,true,90000,true
CC,100,3_c3_large,true,90000,true
CC,100,2_c3_xlarge,true,90000,true
CC,100,3_m3_large,true,90000,true
CC,100,1_c3_2xlarge,true,90000,true
CC,100,4_c3_large,true,90000,true
CC,100,4_m3_large,true,90000,true
CC,100,2_m3_xlarge,true,90000,true
CC,100,1_m3_2xlarge,true,90000,true
CC,100,3_c3_xlarge,true,90000,true
CC,100,4_c3_xlarge,true,90000,true
CC,100,2_c3_2xlarge,true,90000,true
CC,100,3_m3_xlarge,true,90000,true
CC,100,2_m3_2xlarge,true,90000,true
CC,100,4_m3_xlarge,true,90000,true
CC,100,3_c3_2xlarge,true,90000,true
CC,100,4_c3_2xlarge,true,90000,true
CC,100,3_m3_2xlarge,true,90000,true
CC,100,4_m3_2xlarge,true,90000,true
CC,200,1_m3_medium,true,90000,true
CC,200,1_c3_large,true,90000,true
CC,200,1_m3_large,true,90000,true
CC,200,2_m3_medium,true,90000,true
CC,200,2_c3_large,true,90000,true
CC,200,1_c3_xlarge,true,90000,true
CC,200,3_m3_medium,true,90000,true
CC,200,2_m3_large,true,90000,true
CC,200,1_m3_xlarge,true,90000,true
CC,200,4_m3_medium,true,90000,true
CC,200,3_c3_large,true,90000,true
CC,200,2_c3_xlarge,true,90000,true
CC,200,3_m3_large,true,90000,true
CC,200,1_c3_2xlarge,true,90000,true
CC,200,4_c3_large,true,90000,true
CC,200,4_m3_large,true,90000,true
CC,200,2_m3_xlarge,true,90000,true
CC,200,1_m3_2xlarge,true,90000,true
CC,200,3_c3_xlarge,true,90000,true
CC,200,4_c3_xlarge,true,90000,true
CC,200,2_c3_2xlarge,true,90000,true
CC,200,3_m3_xlarge,true,90000,true
CC,200,2_m3_2xlarge,true,90000,true
CC,200,4_m3_xlarge,true,90000,true
CC,200,3_c3_2xlarge,true,90000,true
CC,200,4_c3_2xlarge,true,90000,true
CC,200,3_m3_2xlarge,true,90000,true
CC,200,4_m3_2xlarge,true,90000,true
CC,300,1_m3_medium,true,90000,false
CC,300,1_c3_large,true,90000,true
CC,300,1_m3_large,true,90000,true
CC,300,2_m3_medium,true,90000,true
CC,300,2_c3_large,true,90000,true
CC,300,1_c3_xlarge,true,90000,true
CC,300,3_m3_medium,true,90000,true
CC,300,2_m3_large,true,90000,true
CC,300,1_m3_xlarge,true,90000,true
CC,300,4_m3_medium,true,90000,true
CC,300,3_c3_large,true,90000,true
CC,300,2_c3_xlarge,true,90000,true
CC,300,3_m3_large,true,90000,true
CC,300,1_c3_2xlarge,true,90000,true
CC,300,4_c3_large,true,90000,true
CC,300,4_m3_large,true,90000,true
CC,300,2_m3_xlarge,true,90000,true
CC,300,1_m3_2xlarge,true,90000,true
CC,300,3_c3_xlarge,true,90000,true
CC,300,4_c3_xlarge,true,90000,true
CC,300,2_c3_2xlarge,true,90000,true
CC,300,3_m3_xlarge,true,90000,true
CC,300,2_m3_2xlarge,true,90000,true
CC,300,4_m3_xlarge,true,90000,true
CC,300,3_c3_2xlarge,true,90000,true
CC,300,4_c3_2xlarge,true,90000,true
CC,300,3_m3_2xlarge,true,90000,true
CC,300,4_m3_2xlarge,true,90000,true
CC,400,1_m3_medium,false,90000,false
CC,400,1_c3_large,true,90000,true
CC,400,1_m3_large,true,90000,true
CC,400,2_m3_medium,true,90000,true
CC,400,2_c3_large,true,90000,true
CC,400,1_c3_xlarge,true,90000,true
CC,400,3_m3_medium,true,90000,true
CC,400,2_m3_large,true,90000,true
CC,400,1_m3_xlarge,true,90000,true
CC,400,4_m3_medium,true,90000,true
CC,400,3_c3_large,true,90000,true
CC,400,2_c3_xlarge,true,90000,true
CC,400,3_m3_large,true,90000,true
CC,400,1_c3_2xlarge,true,90000,true
CC,400,4_c3_large,true,90000,true
CC,400,4_m3_large,true,90000,true
CC,400,2_m3_xlarge,true,90000,true
CC,400,1_m3_2xlarge,true,90000,true
CC,400,3_c3_xlarge,true,90000,true
CC,400,4_c3_xlarge,true,90000,true
CC,400,2_c3_2xlarge,true,90000,true
CC,400,3_m3_xlarge,true,90000,true
CC,400,2_m3_2xlarge,true,90000,true
CC,400,4_m3_xlarge,true,90000,true
CC,400,3_c3_2xlarge,true,90000,true
CC,400,4_c3_2xlarge,true,90000,true
CC,400,3_m3_2xlarge,true,90000,true
CC,400,4_m3_2xlarge,true,90000,true
CC,500,1_m3_medium,false,90000,false
CC,500,1_c3_large,true,90000,true
CC,500,1_m3_large,true,90000,true
CC,500,2_m3_medium,true,90000,true
CC,500,2_c3_large,true,90000,true
CC,500,1_c3_xlarge,true,90000,true
CC,500,3_m3_medium,true,90000,true
CC,500,2_m3_large,true,90000,true
CC,500,1_m3_xlarge,true,90000,true
CC,500,4_m3_medium,true,90000,true
CC,500,3_c3_large,true,90000,true
CC,500,2_c3_xlarge,true,90000,true
CC,500,3_m3_large,true,90000,true
CC,500,1_c3_2xlarge,true,90000,true
CC,500,4_c3_large,true,90000,true
CC,500,4_m3_large,true,90000,true
CC,500,2_m3_xlarge,true,90000,true
CC,500,1_m3_2xlarge,true,90000,true
CC,500,3_c3_xlarge,true,90000,true
CC,500,4_c3_xlarge,true,90000,true
CC,500,2_c3_2xlarge,true,90000,true
CC,500,3_m3_xlarge,true,90000,true
CC,500,2_m3_2xlarge,true,90000,true
CC,500,4_m3_xlarge,true,90000,true
CC,500,3_c3_2xlarge,true,90000,true
CC,500,4_c3_2xlarge,true,90000,true
CC,500,3_m3_2xlarge,true,90000,true
CC,500,4_m3_2xlarge,true,90000,true
CC,600,1_m3_medium,false,90000,false
CC,600,1_c3_large,true,90000,false
CC,600,1_m3_large,true,90000,false
CC,600,2_m3_medium,true,90000,false
CC,600,2_c3_large,true,90000,false
CC,600,1_c3_xlarge,true,90000,false
CC,600,3_m3_medium,true,90000,false
CC,600,2_m3_large,true,90000,true
CC,600,1_m3_xlarge,true,90000,true
CC,600,4_m3_medium,true,90000,true
CC,600,3_c3_large,true,90000,false
CC,600,2_c3_xlarge,true,90000,true
CC,600,3_m3_large,true,90000,true
CC,600,1_c3_2xlarge,true,90000,true
CC,600,4_c3_large,true,90000,true
CC,600,4_m3_large,true,90000,false
CC,600,2_m3_xlarge,true,90000,false
CC,600,1_m3_2xlarge,true,90000,false
CC,600,3_c3_xlarge,true,90000,false
CC,600,4_c3_xlarge,true,90000,true
CC,600,2_c3_2xlarge,true,90000,true
CC,600,3_m3_xlarge,true,90000,true
CC,600,2_m3_2xlarge,true,90000,true
CC,600,4_m3_xlarge,true,90000,true
CC,600,3_c3_2xlarge,true,90000,true
CC,600,4_c3_2xlarge,true,90000,true
CC,600,3_m3_2xlarge,true,90000,true
CC,600,4_m3_2xlarge,true,90000,true
CC,700,1_m3_medium,false,90000,true
CC,700,1_c3_large,true,90000,false
CC,700,1_m3_large,true,90000,true
CC,700,2_m3_medium,false,90000,false
CC,700,2_c3_large,true,90000,true
CC,700,1_c3_xlarge,true,90000,true
CC,700,3_m3_medium,true,90000,true
CC,700,2_m3_large,true,90000,true
CC,700,1_m3_xlarge,true,90000,true
CC,700,4_m3_medium,true,90000,true
CC,700,3_c3_large,true,90000,true
CC,700,2_c3_xlarge,true,90000,true
CC,700,3_m3_large,true,90000,true
CC,700,1_c3_2xlarge,true,90000,true
CC,700,4_c3_large,true,90000,true
CC,700,4_m3_large,true,90000,true
CC,700,2_m3_xlarge,true,90000,true
CC,700,1_m3_2xlarge,true,90000,true
CC,700,3_c3_xlarge,true,90000,true
CC,700,4_c3_xlarge,true,90000,true
CC,700,2_c3_2xlarge,true,90000,true
CC,700,3_m3_xlarge,true,90000,true
CC,700,2_m3_2xlarge,true,90000,true
CC,700,4_m3_xlarge,true,90000,true
CC,700,3_c3_2xlarge,true,90000,true
CC,700,4_c3_2xlarge,true,90000,true
CC,700,3_m3_2xlarge,true,90000,true
CC,700,4_m3_2xlarge,true,90000,true
CC,800,1_m3_medium,false,90000,true
CC,800,1_c3_large,false,90000,false
CC,800,1_m3_large,true,90000,false
CC,800,2_m3_medium,false,90000,false
CC,800,2_c3_large,true,90000,true
CC,800,1_c3_xlarge,true,90000,true
CC,800,3_m3_medium,true,90000,true
CC,800,2_m3_large,true,90000,true
CC,800,1_m3_xlarge,true,90000,true
CC,800,4_m3_medium,true,90000,true
CC,800,3_c3_large,true,90000,true
CC,800,2_c3_xlarge,true,90000,true
CC,800,3_m3_large,true,90000,true
CC,800,1_c3_2xlarge,true,90000,true
CC,800,4_c3_large,true,90000,true
CC,800,4_m3_large,true,90000,true
CC,800,2_m3_xlarge,true,90000,true
CC,800,1_m3_2xlarge,true,90000,true
CC,800,3_c3_xlarge,true,90000,true
CC,800,4_c3_xlarge,true,90000,true
CC,800,2_c3_2xlarge,true,90000,true
CC,800,3_m3_xlarge,true,90000,true
CC,800,2_m3_2xlarge,true,90000,true
CC,800,4_m3_xlarge,true,90000,true
CC,800,3_c3_2xlarge,true,90000,true
CC,800,4_c3_2xlarge,true,90000,true
CC,800,3_m3_2xlarge,true,90000,true
CC,800,4_m3_2xlarge,true,90000,true
CC,900,1_m3_medium,false,90000,true
CC,900,1_c3_large,false,90000,false
CC,900,1_m3_large,false,90000,false
CC,900,2_m3_medium,false,90000,false
CC,900,2_c3_large,true,90000,false
CC,900,1_c3_xlarge,true,90000,false
CC,900,3_m3_medium,true,90000,false
CC,900,2_m3_large,true,90000,false
CC,900,1_m3_xlarge,true,90000,false
CC,900,4_m3_medium,true,90000,false
CC,900,3_c3_large,true,90000,false
CC,900,2_c3_xlarge,true,90000,true
CC,900,3_m3_large,true,90000,true
CC,900,1_c3_2xlarge,true,90000,true
CC,900,4_c3_large,true,90000,true
CC,900,4_m3_large,true,90000,false
CC,900,2_m3_xlarge,true,90000,false
CC,900,1_m3_2xlarge,true,90000,false
CC,900,3_c3_xlarge,true,90000,false
CC,900,4_c3_xlarge,true,90000,true
CC,900,2_c3_2xlarge,true,90000,true
CC,900,3_m3_xlarge,true,90000,true
CC,900,2_m3_2xlarge,true,90000,true
CC,900,4_m3_xlarge,true,90000,true
CC,900,3_c3_2xlarge,true,90000,true
CC,900,4_c3_2xlarge,true,90000,true
CC,900,3_m3_2xlarge,true,90000,true
CC,900,4_m3_2xlarge,true,90000,true
CC,1000,1_m3_medium,false,90000,true
CC,1000,1_c3_large,false,90000,true
CC,1000,1_m3_large,false,90000,true
CC,1000,2_m3_medium,false,90000,true
CC,1000,2_c3_large,true,90000,false
CC,1000,1_c3_xlarge,true,90000,false
CC,1000,3_m3_medium,true,90000,false
CC,1000,2_m3_large,true,90000,false
CC,1000,1_m3_xlarge,true,90000,false
CC,1000,4_m3_medium,true,90000,false
CC,1000,3_c3_large,true,90000,false
CC,1000,2_c3_xlarge,true,90000,true
CC,1000,3_m3_large,true,90000,false
CC,1000,1_c3_2xlarge,true,90000,true
CC,1000,4_c3_large,true,90000,true
CC,1000,4_m3_large,true,90000,true
CC,1000,2_m3_xlarge,true,90000,true
CC,1000,1_m3_2xlarge,true,90000,true
CC,1000,3_c3_xlarge,true,90000,false
CC,1000,4_c3_xlarge,true,90000,true
CC,1000,2_c3_2xlarge,true,90000,true
CC,1000,3_m3_xlarge,true,90000,false
CC,1000,2_m3_2xlarge,true,90000,true
CC,1000,4_m3_xlarge,true,90000,true
CC,1000,3_c3_2xlarge,true,90000,true
CC,1000,4_c3_2xlarge,true,90000,true
CC,1000,3_m3_2xlarge,true,90000,true
CC,1000,4_m3_2xlarge,true,90000,true
CC,100,1_m3_medium,true,100000,true
CC,100,1_c3_large,true,100000,true
CC,100,1_m3_large,true,100000,true
CC,100,2_m3_medium,true,100000,true
CC,100,2_c3_large,true,100000,true
CC,100,1_c3_xlarge,true,100000,true
CC,100,3_m3_medium,true,100000,true
CC,100,2_m3_large,true,100000,true
CC,100,1_m3_xlarge,true,100000,true
CC,100,4_m3_medium,true,100000,true
CC,100,3_c3_large,true,100000,true
CC,100,2_c3_xlarge,true,100000,true
CC,100,3_m3_large,true,100000,true
CC,100,1_c3_2xlarge,true,100000,true
CC,100,4_c3_large,true,100000,true
CC,100,4_m3_large,true,100000,true
CC,100,2_m3_xlarge,true,100000,true
CC,100,1_m3_2xlarge,true,100000,true
CC,100,3_c3_xlarge,true,100000,true
CC,100,4_c3_xlarge,true,100000,true
CC,100,2_c3_2xlarge,true,100000,true
CC,100,3_m3_xlarge,true,100000,true
CC,100,2_m3_2xlarge,true,100000,true
CC,100,4_m3_xlarge,true,100000,true
CC,100,3_c3_2xlarge,true,100000,true
CC,100,4_c3_2xlarge,true,100000,true
CC,100,3_m3_2xlarge,true,100000,true
CC,100,4_m3_2xlarge,true,100000,true
CC,200,1_m3_medium,true,100000,true
CC,200,1_c3_large,true,100000,true
CC,200,1_m3_large,true,100000,true
CC,200,2_m3_medium,true,100000,true
CC,200,2_c3_large,true,100000,true
CC,200,1_c3_xlarge,true,100000,true
CC,200,3_m3_medium,true,100000,true
CC,200,2_m3_large,true,100000,true
CC,200,1_m3_xlarge,true,100000,true
CC,200,4_m3_medium,true,100000,true
CC,200,3_c3_large,true,100000,true
CC,200,2_c3_xlarge,true,100000,true
CC,200,3_m3_large,true,100000,true
CC,200,1_c3_2xlarge,true,100000,true
CC,200,4_c3_large,true,100000,true
CC,200,4_m3_large,true,100000,true
CC,200,2_m3_xlarge,true,100000,true
CC,200,1_m3_2xlarge,true,100000,true
CC,200,3_c3_xlarge,true,100000,true
CC,200,4_c3_xlarge,true,100000,true
CC,200,2_c3_2xlarge,true,100000,true
CC,200,3_m3_xlarge,true,100000,true
CC,200,2_m3_2xlarge,true,100000,true
CC,200,4_m3_xlarge,true,100000,true
CC,200,3_c3_2xlarge,true,100000,true
CC,200,4_c3_2xlarge,true,100000,true
CC,200,3_m3_2xlarge,true,100000,true
CC,200,4_m3_2xlarge,true,100000,true
CC,300,1_m3_medium,true,100000,false
CC,300,1_c3_large,true,100000,true
CC,300,1_m3_large,true,100000,true
CC,300,2_m3_medium,true,100000,true
CC,300,2_c3_large,true,100000,true
CC,300,1_c3_xlarge,true,100000,true
CC,300,3_m3_medium,true,100000,true
CC,300,2_m3_large,true,100000,true
CC,300,1_m3_xlarge,true,100000,true
CC,300,4_m3_medium,true,100000,true
CC,300,3_c3_large,true,100000,true
CC,300,2_c3_xlarge,true,100000,true
CC,300,3_m3_large,true,100000,true
CC,300,1_c3_2xlarge,true,100000,true
CC,300,4_c3_large,true,100000,true
CC,300,4_m3_large,true,100000,true
CC,300,2_m3_xlarge,true,100000,true
CC,300,1_m3_2xlarge,true,100000,true
CC,300,3_c3_xlarge,true,100000,true
CC,300,4_c3_xlarge,true,100000,true
CC,300,2_c3_2xlarge,true,100000,true
CC,300,3_m3_xlarge,true,100000,true
CC,300,2_m3_2xlarge,true,100000,true
CC,300,4_m3_xlarge,true,100000,true
CC,300,3_c3_2xlarge,true,100000,true
CC,300,4_c3_2xlarge,true,100000,true
CC,300,3_m3_2xlarge,true,100000,true
CC,300,4_m3_2xlarge,true,100000,true
CC,400,1_m3_medium,false,100000,false
CC,400,1_c3_large,true,100000,true
CC,400,1_m3_large,true,100000,true
CC,400,2_m3_medium,true,100000,true
CC,400,2_c3_large,true,100000,true
CC,400,1_c3_xlarge,true,100000,true
CC,400,3_m3_medium,true,100000,true
CC,400,2_m3_large,true,100000,true
CC,400,1_m3_xlarge,true,100000,true
CC,400,4_m3_medium,true,100000,true
CC,400,3_c3_large,true,100000,true
CC,400,2_c3_xlarge,true,100000,true
CC,400,3_m3_large,true,100000,true
CC,400,1_c3_2xlarge,true,100000,true
CC,400,4_c3_large,true,100000,true
CC,400,4_m3_large,true,100000,true
CC,400,2_m3_xlarge,true,100000,true
CC,400,1_m3_2xlarge,true,100000,true
CC,400,3_c3_xlarge,true,100000,true
CC,400,4_c3_xlarge,true,100000,true
CC,400,2_c3_2xlarge,true,100000,true
CC,400,3_m3_xlarge,true,100000,true
CC,400,2_m3_2xlarge,true,100000,true
CC,400,4_m3_xlarge,true,100000,true
CC,400,3_c3_2xlarge,true,100000,true
CC,400,4_c3_2xlarge,true,100000,true
CC,400,3_m3_2xlarge,true,100000,true
CC,400,4_m3_2xlarge,true,100000,true
CC,500,1_m3_medium,false,100000,false
CC,500,1_c3_large,true,100000,true
CC,500,1_m3_large,true,100000,true
CC,500,2_m3_medium,true,100000,true
CC,500,2_c3_large,true,100000,true
CC,500,1_c3_xlarge,true,100000,true
CC,500,3_m3_medium,true,100000,true
CC,500,2_m3_large,true,100000,true
CC,500,1_m3_xlarge,true,100000,true
CC,500,4_m3_medium,true,100000,true
CC,500,3_c3_large,true,100000,true
CC,500,2_c3_xlarge,true,100000,true
CC,500,3_m3_large,true,100000,true
CC,500,1_c3_2xlarge,true,100000,true
CC,500,4_c3_large,true,100000,true
CC,500,4_m3_large,true,100000,true
CC,500,2_m3_xlarge,true,100000,true
CC,500,1_m3_2xlarge,true,100000,true
CC,500,3_c3_xlarge,true,100000,true
CC,500,4_c3_xlarge,true,100000,true
CC,500,2_c3_2xlarge,true,100000,true
CC,500,3_m3_xlarge,true,100000,true
CC,500,2_m3_2xlarge,true,100000,true
CC,500,4_m3_xlarge,true,100000,true
CC,500,3_c3_2xlarge,true,100000,true
CC,500,4_c3_2xlarge,true,100000,true
CC,500,3_m3_2xlarge,true,100000,true
CC,500,4_m3_2xlarge,true,100000,true
CC,600,1_m3_medium,false,100000,false
CC,600,1_c3_large,true,100000,false
CC,600,1_m3_large,true,100000,false
CC,600,2_m3_medium,true,100000,false
CC,600,2_c3_large,true,100000,false
CC,600,1_c3_xlarge,true,100000,false
CC,600,3_m3_medium,true,100000,false
CC,600,2_m3_large,true,100000,true
CC,600,1_m3_xlarge,true,100000,true
CC,600,4_m3_medium,true,100000,true
CC,600,3_c3_large,true,100000,false
CC,600,2_c3_xlarge,true,100000,true
CC,600,3_m3_large,true,100000,true
CC,600,1_c3_2xlarge,true,100000,true
CC,600,4_c3_large,true,100000,true
CC,600,4_m3_large,true,100000,false
CC,600,2_m3_xlarge,true,100000,false
CC,600,1_m3_2xlarge,true,100000,false
CC,600,3_c3_xlarge,true,100000,false
CC,600,4_c3_xlarge,true,100000,true
CC,600,2_c3_2xlarge,true,100000,true
CC,600,3_m3_xlarge,true,100000,true
CC,600,2_m3_2xlarge,true,100000,true
CC,600,4_m3_xlarge,true,100000,true
CC,600,3_c3_2xlarge,true,100000,true
CC,600,4_c3_2xlarge,true,100000,true
CC,600,3_m3_2xlarge,true,100000,true
CC,600,4_m3_2xlarge,true,100000,true
CC,700,1_m3_medium,false,100000,true
CC,700,1_c3_large,true,100000,true
CC,700,1_m3_large,true,100000,true
CC,700,2_m3_medium,true,100000,false
CC,700,2_c3_large,true,100000,true
CC,700,1_c3_xlarge,true,100000,true
CC,700,3_m3_medium,true,100000,true
CC,700,2_m3_large,true,100000,true
CC,700,1_m3_xlarge,true,100000,true
CC,700,4_m3_medium,true,100000,true
CC,700,3_c3_large,true,100000,true
CC,700,2_c3_xlarge,true,100000,true
CC,700,3_m3_large,true,100000,true
CC,700,1_c3_2xlarge,true,100000,true
CC,700,4_c3_large,true,100000,true
CC,700,4_m3_large,true,100000,true
CC,700,2_m3_xlarge,true,100000,true
CC,700,1_m3_2xlarge,true,100000,true
CC,700,3_c3_xlarge,true,100000,true
CC,700,4_c3_xlarge,true,100000,true
CC,700,2_c3_2xlarge,true,100000,true
CC,700,3_m3_xlarge,true,100000,true
CC,700,2_m3_2xlarge,true,100000,true
CC,700,4_m3_xlarge,true,100000,true
CC,700,3_c3_2xlarge,true,100000,true
CC,700,4_c3_2xlarge,true,100000,true
CC,700,3_m3_2xlarge,true,100000,true
CC,700,4_m3_2xlarge,true,100000,true
CC,800,1_m3_medium,false,100000,true
CC,800,1_c3_large,true,100000,true
CC,800,1_m3_large,true,100000,false
CC,800,2_m3_medium,false,100000,false
CC,800,2_c3_large,true,100000,true
CC,800,1_c3_xlarge,true,100000,true
CC,800,3_m3_medium,true,100000,true
CC,800,2_m3_large,true,100000,true
CC,800,1_m3_xlarge,true,100000,true
CC,800,4_m3_medium,true,100000,true
CC,800,3_c3_large,true,100000,true
CC,800,2_c3_xlarge,true,100000,true
CC,800,3_m3_large,true,100000,true
CC,800,1_c3_2xlarge,true,100000,true
CC,800,4_c3_large,true,100000,true
CC,800,4_m3_large,true,100000,true
CC,800,2_m3_xlarge,true,100000,true
CC,800,1_m3_2xlarge,true,100000,true
CC,800,3_c3_xlarge,true,100000,true
CC,800,4_c3_xlarge,true,100000,true
CC,800,2_c3_2xlarge,true,100000,true
CC,800,3_m3_xlarge,true,100000,true
CC,800,2_m3_2xlarge,true,100000,true
CC,800,4_m3_xlarge,true,100000,true
CC,800,3_c3_2xlarge,true,100000,true
CC,800,4_c3_2xlarge,true,100000,true
CC,800,3_m3_2xlarge,true,100000,true
CC,800,4_m3_2xlarge,true,100000,true
CC,900,1_m3_medium,false,100000,true
CC,900,1_c3_large,true,100000,false
CC,900,1_m3_large,false,100000,false
CC,900,2_m3_medium,false,100000,false
CC,900,2_c3_large,true,100000,false
CC,900,1_c3_xlarge,true,100000,false
CC,900,3_m3_medium,true,100000,false
CC,900,2_m3_large,true,100000,false
CC,900,1_m3_xlarge,true,100000,false
CC,900,4_m3_medium,true,100000,false
CC,900,3_c3_large,true,100000,false
CC,900,2_c3_xlarge,true,100000,true
CC,900,3_m3_large,true,100000,true
CC,900,1_c3_2xlarge,true,100000,true
CC,900,4_c3_large,true,100000,true
CC,900,4_m3_large,true,100000,false
CC,900,2_m3_xlarge,true,100000,false
CC,900,1_m3_2xlarge,true,100000,false
CC,900,3_c3_xlarge,true,100000,false
CC,900,4_c3_xlarge,true,100000,true
CC,900,2_c3_2xlarge,true,100000,true
CC,900,3_m3_xlarge,true,100000,true
CC,900,2_m3_2xlarge,true,100000,true
CC,900,4_m3_xlarge,true,100000,true
CC,900,3_c3_2xlarge,true,100000,true
CC,900,4_c3_2xlarge,true,100000,true
CC,900,3_m3_2xlarge,true,100000,true
CC,900,4_m3_2xlarge,true,100000,true
CC,1000,1_m3_medium,false,100000,true
CC,1000,1_c3_large,false,100000,false
CC,1000,1_m3_large,false,100000,true
CC,1000,2_m3_medium,false,100000,true
CC,1000,2_c3_large,true,100000,false
CC,1000,1_c3_xlarge,true,100000,false
CC,1000,3_m3_medium,true,100000,false
CC,1000,2_m3_large,true,100000,false
CC,1000,1_m3_xlarge,true,100000,false
CC,1000,4_m3_medium,true,100000,false
CC,1000,3_c3_large,true,100000,false
CC,1000,2_c3_xlarge,true,100000,true
CC,1000,3_m3_large,true,100000,false
CC,1000,1_c3_2xlarge,true,100000,true
CC,1000,4_c3_large,true,100000,true
CC,1000,4_m3_large,true,100000,true
CC,1000,2_m3_xlarge,true,100000,true
CC,1000,1_m3_2xlarge,true,100000,true
CC,1000,3_c3_xlarge,true,100000,false
CC,1000,4_c3_xlarge,true,100000,true
CC,1000,2_c3_2xlarge,true,100000,true
CC,1000,3_m3_xlarge,true,100000,false
CC,1000,2_m3_2xlarge,true,100000,true
CC,1000,4_m3_xlarge,true,100000,true
CC,1000,3_c3_2xlarge,true,100000,true
CC,1000,4_c3_2xlarge,true,100000,true
CC,1000,3_m3_2xlarge,true,100000,true
CC,1000,4_m3_2xlarge,true,100000,true
